recipe_id,step_id,step_number,timer_seconds,is_passive,title_en,body_en,title_nl,body_nl,title_de,body_de,title_fr,body_fr
it_tagliatelle_ragu_bolognese,s1,1,600,FALSE,Prep the soffritto,"Finely chop the onion, carrot, and celery into an even mince so they cook gently and melt into the sauce.",Bereid de soffritto,"Snijd de ui, wortel en bleekselderij heel fijn zodat ze zacht garen en oplossen in de saus.",Bereite das Soffritto vor,"Zwiebel, Karotte und Sellerie sehr fein hacken, damit sie sanft garen und in der Sauce praktisch verschwinden.",Préparer le soffritto,"Hacher très finement l oignon, la carotte et le céleri pour qu ils cuisent doucement et fondent dans la sauce."
it_tagliatelle_ragu_bolognese,s2,2,420,FALSE,Render pancetta,"Warm the heavy pot over medium heat, add pancetta, and cook until the fat renders and the pancetta turns lightly golden.",Smelt het vet uit de pancetta,"Verwarm de zware pan op middelhoog vuur, voeg pancetta toe en bak tot het vet is uitgesmolten en de pancetta licht goud kleurt.",Pancetta auslassen,"Den schweren Topf bei mittlerer Hitze erwärmen, Pancetta zugeben und braten, bis das Fett ausgelassen ist und die Stücke leicht goldgelb sind.",Faire fondre la pancetta,"Chauffer la cocotte à feu moyen, ajouter la pancetta et cuire jusqu à ce que la graisse soit rendue et que la pancetta soit légèrement dorée."
it_tagliatelle_ragu_bolognese,s3,3,600,FALSE,Soften the vegetables,"Add olive oil and butter, then add the chopped onion, carrot, and celery. Cook slowly, stirring, until soft and fragrant without browning.",Fruit de groenten,"Voeg olijfolie en boter toe, doe dan de gesneden ui, wortel en bleekselderij erbij en gaar langzaam al roerend tot zacht en geurig zonder te kleuren.",Gemüse weich schmoren,"Olivenöl und Butter zugeben, dann Zwiebel, Karotte und Sellerie einrühren. Langsam unter Rühren garen, bis alles weich und duftend ist, ohne zu bräunen.",Faire suer les légumes,"Ajouter l huile d olive et le beurre, puis l oignon, la carotte et le céleri. Cuire lentement en remuant jusqu à ce que ce soit tendre et parfumé, sans coloration."
it_tagliatelle_ragu_bolognese,s4,4,900,FALSE,Brown the meat,Add ground beef and ground pork. Break up the meat and cook until it loses its raw color and starts to brown lightly.,Bak het vlees aan,"Voeg rundergehakt en varkensgehakt toe, maak het vlees los en bak tot het niet meer rauw oogt en licht begint te kleuren.",Fleisch anbraten,"Rinderhack und Schweinehack zugeben, zerteilen und braten, bis es nicht mehr roh aussieht und leicht zu bräunen beginnt.",Faire revenir la viande,Ajouter le boeuf haché et le porc haché. Émietter et cuire jusqu à ce que la viande ne soit plus rouge et commence à dorer légèrement.
it_tagliatelle_ragu_bolognese,s5,5,300,TRUE,Reduce the wine,Pour in the wine and let it simmer until the sharp alcohol smell fades and most of the liquid has reduced.,Laat de wijn inkoken,Schenk de wijn erbij en laat zacht pruttelen tot de alcoholgeur weg is en het meeste vocht is ingekookt.,Wein einkochen,"Wein angießen und köcheln lassen, bis der stechende Alkoholgeruch verflogen ist und der Großteil der Flüssigkeit reduziert ist.",Réduire le vin,Verser le vin et laisser frémir jusqu à ce que l odeur d alcool s estompe et que la majeure partie du liquide ait réduit.
it_tagliatelle_ragu_bolognese,s6,6,60,FALSE,Cook the tomato paste,"Stir in tomato paste and cook briefly, scraping the bottom, until it darkens slightly.",Bak de tomatenpuree,"Roer de tomatenpuree erdoor en bak kort, schraap de bodem mee, tot de puree iets donkerder wordt.",Tomatenmark rösten,"Tomatenmark einrühren und kurz unter Rühren rösten, dabei den Topfboden abkratzen, bis es leicht nachdunkelt.",Cuire le concentré de tomate,Incorporer le concentré de tomate et cuire brièvement en grattant le fond jusqu à ce qu il fonce légèrement.
it_tagliatelle_ragu_bolognese,s7,7,5400,TRUE,Slow simmer the ragù,"Add crushed tomatoes, a pinch of salt, and a little pepper. Bring to a gentle simmer, then cook partially covered, stirring occasionally, until rich and thick.",Laat de ragù zacht pruttelen,"Voeg tomaten uit blik toe met een snuf zout en wat peper, breng op zacht pruttelen en laat half afgedekt garen, roer af en toe, tot rijk en dik.",Ragù sanft schmoren,"Dosentomaten zugeben, mit einer Prise Salz und etwas Pfeffer würzen, sanft aufkochen und dann halb zugedeckt leise köcheln lassen, gelegentlich rühren, bis das Ragù sämig und kräftig ist.",Mijoter le ragù,"Ajouter les tomates concassées, une pincée de sel et un peu de poivre. Porter à petit frémissement puis cuire à demi couvert en remuant de temps en temps jusqu à obtenir une sauce riche et épaisse."
it_tagliatelle_ragu_bolognese,s8,8,3600,TRUE,Finish with milk,"Stir in milk and continue simmering gently until the ragù is silky and the fat looks well integrated, adjusting seasoning as needed.",Werk af met melk,"Roer melk erdoor en laat nog zacht pruttelen tot de ragù zijdezacht is en het vet mooi is opgenomen, proef en breng op smaak.",Mit Milch vollenden,"Milch einrühren und weiter sanft köcheln lassen, bis das Ragù seidig ist und das Fett gut eingebunden wirkt, nach Bedarf abschmecken.",Finir au lait,"Incorporer le lait et poursuivre le mijotage doux jusqu à ce que le ragù soit soyeux et que la graisse soit bien liée, puis ajuster l assaisonnement."
it_tagliatelle_ragu_bolognese,s9,9,900,TRUE,Boil water,Bring water to a rolling boil in a large pot and season it well with salt.,Kook water,Breng water in een grote pan aan de kook en zout het water goed.,Wasser kochen,Wasser in einem großen Topf sprudelnd aufkochen und kräftig salzen.,Faire bouillir l eau,Porter l eau à gros bouillons dans une grande marmite et saler généreusement.
it_tagliatelle_ragu_bolognese,s10,10,180,TRUE,Cook the tagliatelle,"Add tagliatelle and cook until al dente, stirring gently. Reserve a little starchy pasta water, then drain.",Kook de tagliatelle,"Voeg tagliatelle toe en kook al dente, roer voorzichtig. Bewaar wat zetmeelrijk pastawater en giet af.",Tagliatelle kochen,"Tagliatelle zugeben und al dente garen, dabei vorsichtig rühren. Etwas stärkehaltiges Nudelwasser aufbewahren und abgießen.",Cuire les tagliatelle,Ajouter les tagliatelle et cuire al dente en remuant doucement. Réserver un peu d eau de cuisson amidonnée puis égoutter.
it_tagliatelle_ragu_bolognese,s11,11,120,FALSE,Dress the pasta,"Toss the drained tagliatelle with the ragù until evenly coated, loosening with a splash of reserved pasta water if needed.",Meng de pasta,Meng de uitgelekte tagliatelle met de ragù tot alles gelijkmatig bedekt is en maak zo nodig los met een scheutje bewaard pastawater.,Pasta anmachen,"Die abgetropften Tagliatelle mit dem Ragù mischen, bis alles gleichmäßig überzogen ist, bei Bedarf mit einem Schuss vom aufbewahrten Nudelwasser lockern.",Mélanger la pasta,"Mélanger les tagliatelle égouttées avec le ragù jusqu à enrobage uniforme, détendre si besoin avec un filet d eau de cuisson réservée."
it_tagliatelle_ragu_bolognese,s12,12,60,FALSE,Serve,Plate immediately and finish with freshly grated Parmigiano-Reggiano.,Serveer,Schep direct op en werk af met versgeraspte Parmigiano-Reggiano.,Servieren,Sofort anrichten und mit frisch geriebenem Parmigiano Reggiano vollenden.,Servir,Dresser immédiatement et terminer avec du Parmigiano Reggiano fraîchement râpé.
it_cacio_e_pepe,s1,1,180,FALSE,Grate the cheese,Finely grate the Pecorino Romano into a bowl so it melts quickly and smoothly.,Rasp de kaas,Rasp de Pecorino Romano fijn in een kom zodat hij snel en glad smelt.,Käse reiben,"Pecorino Romano sehr fein in eine Schüssel reiben, damit er schnell und gleichmäßig schmilzt.",Râper le fromage,Râper très finement le Pecorino Romano dans un bol pour qu il fonde vite et sans grumeaux.
it_cacio_e_pepe,s2,2,600,TRUE,Boil water,Bring %i4 to a rolling boil in a large pot and season it with salt.,Kook water,Breng %i4 in een grote pan aan de kook en zout het water.,Wasser kochen, %i4 in einem großen Topf sprudelnd aufkochen und salzen.,Faire bouillir l eau,Porter %i4 à gros bouillons dans une grande marmite et saler.
it_cacio_e_pepe,s3,3,540,TRUE,Cook the pasta,"Add spaghetti and cook until just al dente, stirring occasionally. Reserve a good amount of starchy pasta water before draining.",Kook de pasta,"Voeg spaghetti toe en kook net al dente, roer af en toe. Bewaar ruim wat zetmeelrijk pastawater voordat je afgiet.",Pasta kochen,"Spaghetti zugeben und gerade eben al dente garen, gelegentlich rühren. Vor dem Abgießen reichlich stärkehaltiges Nudelwasser aufbewahren.",Cuire les pâtes,Ajouter les spaghetti et cuire juste al dente en remuant de temps en temps. Réserver une bonne quantité d eau de cuisson amidonnée avant d égoutter.
it_cacio_e_pepe,s4,4,120,FALSE,Toast the pepper,"Warm a skillet over medium heat, add black pepper, and toast briefly until fragrant.",Rooster de peper,"Verwarm een koekenpan op middelhoog vuur, voeg zwarte peper toe en rooster kort tot het geurt.",Pfeffer rösten,"Eine Pfanne bei mittlerer Hitze erwärmen, schwarzen Pfeffer zugeben und kurz rösten, bis er duftet.",Torréfier le poivre,"Chauffer une poêle à feu moyen, ajouter le poivre noir et le torréfier brièvement jusqu à ce qu il soit parfumé."
it_cacio_e_pepe,s5,5,120,FALSE,Make a pepper base,Add a ladle of pasta water to the skillet and swirl to form a peppery liquid base.,Maak een peperbasis,Voeg een soeplepel pastawater toe aan de pan en draai rond tot een peperige basis.,Pfefferbasis herstellen,"Eine Kelle Nudelwasser in die Pfanne geben und schwenken, bis eine pfeffrige Flüssigkeitsbasis entsteht.",Faire une base poivrée,Ajouter une louche d eau de cuisson dans la poêle et faire tourner pour obtenir une base liquide poivrée.
it_cacio_e_pepe,s6,6,120,FALSE,Cool slightly,Take the skillet off the heat for a moment so the mixture is no longer aggressively bubbling before adding cheese.,Laat iets afkoelen,Haal de pan kort van het vuur zodat het niet meer hevig borrelt voordat je kaas toevoegt.,Kurz abkühlen lassen,"Die Pfanne kurz vom Herd nehmen, damit die Mischung nicht mehr stark blubbert, bevor der Käse dazu kommt.",Laisser tiédir,Retirer la poêle du feu un instant pour que le mélange ne bouillonne plus fortement avant d ajouter le fromage.
it_cacio_e_pepe,s7,7,180,FALSE,Build the cheese sauce,"In the bowl, mix Pecorino with small splashes of pasta water, stirring until you get a smooth, thick cream.",Maak de kaassaus,"Meng in de kom Pecorino met kleine scheutjes pastawater en roer tot een gladde, dikke crème.",Käsesauce aufbauen,"In der Schüssel Pecorino mit kleinen Schüssen Nudelwasser verrühren, bis eine glatte, dicke Creme entsteht.",Monter la sauce au fromage,"Dans le bol, mélanger le Pecorino avec de petits ajouts d eau de cuisson en remuant jusqu à obtenir une crème lisse et épaisse."
it_cacio_e_pepe,s8,8,180,FALSE,Combine pasta and pepper water,"Add drained spaghetti to the skillet and toss to coat in the peppery liquid, adding a little pasta water if needed.",Meng pasta en peperwater,"Doe de uitgelekte spaghetti in de pan en schep om in de peperige vloeistof, voeg zo nodig wat pastawater toe.",Pasta mit Pfefferwasser verbinden,"Die abgetropften Spaghetti in die Pfanne geben und im pfeffrigen Fond schwenken, bei Bedarf etwas Nudelwasser zugeben.",Assembler pâtes et eau poivrée,"Ajouter les spaghetti égouttés dans la poêle et mélanger pour les enrober, ajouter un peu d eau de cuisson si nécessaire."
it_cacio_e_pepe,s9,9,180,FALSE,Emulsify with cheese,"Off the heat, add the cheese cream and toss vigorously until glossy and evenly coated, loosening with small splashes of pasta water as needed.",Emulgeer met kaas,"Voeg van het vuur de kaascrème toe en schep krachtig om tot glanzend en gelijkmatig bedekt, maak los met kleine scheutjes pastawater.",Mit Käse emulgieren,"Vom Herd nehmen, die Käsecreme zugeben und kräftig schwenken, bis alles glänzt und gleichmäßig überzogen ist, bei Bedarf mit kleinen Schüssen Nudelwasser lockern.",Émulsionner avec le fromage,"Hors du feu, ajouter la crème de fromage et mélanger vivement jusqu à obtenir une texture brillante et uniforme, détendre avec de petites touches d eau de cuisson si besoin."
it_cacio_e_pepe,s10,10,60,FALSE,Serve,Plate immediately and finish with an extra dusting of black pepper.,Serveer,Schep direct op en maak af met extra zwarte peper.,Servieren,Sofort anrichten und mit einer zusätzlichen Prise schwarzem Pfeffer vollenden.,Servir,Dresser immédiatement et terminer avec un supplément de poivre noir.
it_spaghetti_alla_carbonara,s1,1,240,FALSE,Prep the guanciale,Cut guanciale into small batons so it renders evenly and stays crisp.,Bereid de guanciale,Snijd guanciale in kleine reepjes zodat het vet gelijkmatig uitsmelt en het krokant blijft.,Guanciale vorbereiten,"Guanciale in kleine Stifte schneiden, damit es gleichmäßig auslässt und knusprig bleibt.",Préparer le guanciale,Couper le guanciale en petits bâtonnets pour qu il rende sa graisse régulièrement et reste croustillant.
it_spaghetti_alla_carbonara,s2,2,600,FALSE,Make the egg mixture,"In a bowl, whisk egg yolks with finely grated Pecorino Romano and plenty of black pepper until thick and cohesive.",Maak het eimengsel,Klop in een kom eidooiers met fijn geraspte Pecorino Romano en veel zwarte peper tot dik en samenhangend.,Eimischung herstellen,"In einer Schüssel Eigelb mit fein geriebenem Pecorino Romano und reichlich schwarzem Pfeffer verrühren, bis die Masse dick und homogen ist.",Préparer le mélange d oeufs,"Dans un bol, fouetter les jaunes avec du Pecorino Romano finement râpé et beaucoup de poivre noir jusqu à obtenir une masse épaisse et homogène."
it_spaghetti_alla_carbonara,s3,3,600,TRUE,Boil water,Bring %i6 to a rolling boil in a large pot and season it with salt.,Kook water,Breng %i6 in een grote pan aan de kook en zout het water.,Wasser kochen, %i6 in einem großen Topf sprudelnd aufkochen und salzen.,Faire bouillir l eau,Porter %i6 à gros bouillons dans une grande marmite et saler.
it_spaghetti_alla_carbonara,s4,4,540,TRUE,Cook the spaghetti,"Add spaghetti and cook until al dente, stirring occasionally. Reserve starchy pasta water before draining.",Kook de spaghetti,"Voeg spaghetti toe en kook al dente, roer af en toe. Bewaar zetmeelrijk pastawater en giet af.",Spaghetti kochen,"Spaghetti zugeben und al dente garen, gelegentlich rühren. Stärkehaltiges Nudelwasser vor dem Abgießen aufbewahren.",Cuire les spaghetti,Ajouter les spaghetti et cuire al dente en remuant de temps en temps. Réserver de l eau de cuisson amidonnée avant d égoutter.
it_spaghetti_alla_carbonara,s5,5,600,FALSE,Render and crisp guanciale,Cook guanciale in a skillet over medium heat until the fat renders and the pieces turn golden and crisp. Turn off the heat but keep the fat in the pan.,Bak de guanciale krokant,Bak guanciale in een koekenpan op middelhoog vuur tot het vet is uitgesmolten en de stukjes goud en krokant zijn. Zet het vuur uit maar laat het vet in de pan.,Guanciale auslassen und knusprig braten,"Guanciale in einer Pfanne bei mittlerer Hitze braten, bis das Fett ausgelassen ist und die Stücke goldgelb und knusprig sind. Herd ausschalten, das Fett aber in der Pfanne lassen.",Faire fondre et croustiller le guanciale,Cuire le guanciale dans une poêle à feu moyen jusqu à ce que la graisse soit rendue et que les morceaux soient dorés et croustillants. Couper le feu en gardant la graisse dans la poêle.
it_spaghetti_alla_carbonara,s6,6,120,FALSE,Cool the pan slightly,"Let the skillet cool briefly so it is hot but not scorching, to prevent the eggs from scrambling.",Laat de pan iets afkoelen,"Laat de pan kort afkoelen zodat hij heet is maar niet loeiheet, zodat de eieren niet stollen.",Pfanne leicht abkühlen,"Die Pfanne kurz abkühlen lassen, damit sie heiß, aber nicht zu heiß ist, damit die Eier nicht stocken.",Laisser la poêle tiédir,"Laisser la poêle tiédir brièvement pour qu elle soit chaude mais pas brûlante, afin d éviter que les oeufs ne coagulent."
it_spaghetti_alla_carbonara,s7,7,180,FALSE,Combine pasta with guanciale,"Add drained spaghetti to the skillet and toss to coat in the rendered fat, adding a small splash of pasta water if needed.",Meng pasta met guanciale,"Doe de uitgelekte spaghetti in de pan en schep om in het uitgesmolten vet, voeg zo nodig een klein scheutje pastawater toe.",Pasta mit Guanciale verbinden,"Die abgetropften Spaghetti in die Pfanne geben und im ausgelassenen Fett schwenken, bei Bedarf einen kleinen Schuss Nudelwasser zugeben.",Mélanger les pâtes au guanciale,"Ajouter les spaghetti égouttés dans la poêle et mélanger pour les enrober de graisse rendue, ajouter un petit filet d eau de cuisson si nécessaire."
it_spaghetti_alla_carbonara,s8,8,180,FALSE,Emulsify with egg and cheese,"Off the heat, add the egg-cheese mixture and toss vigorously until glossy, loosening with small splashes of pasta water to keep it silky.",Emulgeer met ei en kaas,"Voeg van het vuur het ei kaasmengsel toe en schep krachtig om tot glanzend, maak los met kleine scheutjes pastawater zodat het zijdezacht blijft.",Mit Ei und Käse emulgieren,"Vom Herd nehmen, die Ei Käse Mischung zugeben und kräftig schwenken, bis alles glänzt, mit kleinen Schüssen Nudelwasser lockern, damit es seidig bleibt.",Émulsionner aux oeufs et au fromage,"Hors du feu, ajouter le mélange oeufs fromage et mélanger vivement jusqu à obtenir une texture brillante, détendre avec de petites touches d eau de cuisson pour garder une sauce soyeuse."
it_spaghetti_alla_carbonara,s9,9,60,FALSE,Serve,Plate immediately and finish with extra Pecorino Romano and black pepper.,Serveer,Schep direct op en werk af met extra Pecorino Romano en zwarte peper.,Servieren,Sofort anrichten und mit extra Pecorino Romano und schwarzem Pfeffer vollenden.,Servir,Dresser immédiatement et terminer avec du Pecorino Romano et du poivre noir.
it_pasta_alla_norma,s1,1,600,FALSE,Prepare the eggplant,"Cut eggplant into chunks or thick slices and season with salt. Let it sit, then pat dry to reduce surface moisture before frying.",Bereid de aubergine,Snijd aubergine in stukken of dikke plakken en zout. Laat even staan en dep droog om oppervlakvocht te verminderen voor het bakken.,Auberginen vorbereiten,"Auberginen in Stücke oder dicke Scheiben schneiden und salzen. Kurz ziehen lassen und dann trocken tupfen, um Oberflächenfeuchtigkeit vor dem Braten zu reduzieren.",Préparer l aubergine,Couper l aubergine en morceaux ou en tranches épaisses et saler. Laisser reposer puis éponger pour réduire l humidité de surface avant la cuisson.
it_pasta_alla_norma,s2,2,1200,FALSE,Fry the eggplant,Heat olive oil in a skillet and fry eggplant in batches until deeply golden and tender. Lift out with a slotted spoon and drain on paper towels.,Bak de aubergine,Verhit olijfolie in een koekenpan en bak aubergine in porties tot diep goud en zacht. Schep eruit met een schuimspaan en laat uitlekken op keukenpapier.,Auberginen frittieren,"Olivenöl in einer Pfanne erhitzen und Auberginen portionsweise braten, bis sie tief goldbraun und weich sind. Mit einem Schaumlöffel herausheben und auf Küchenpapier abtropfen lassen.",Frire l aubergine,Chauffer l huile d olive dans une poêle et frire l aubergine par fournées jusqu à ce qu elle soit bien dorée et fondante. Retirer à l écumoire et égoutter sur papier absorbant.
it_pasta_alla_norma,s3,3,60,FALSE,Start the tomato sauce,"In a clean skillet with a little olive oil, gently warm sliced garlic until fragrant.",Start de tomatensaus,Verwarm in een schone pan met wat olijfolie de plakjes knoflook zachtjes tot het geurt.,Tomatensauce starten,"In einer sauberen Pfanne mit etwas Olivenöl Knoblauchscheiben sanft erwärmen, bis sie duften.",Démarrer la sauce tomate,"Dans une poêle propre avec un peu d huile d olive, chauffer doucement l ail tranché jusqu à ce qu il soit parfumé."
it_pasta_alla_norma,s4,4,1200,TRUE,Simmer the sauce,"Add tomatoes, break them up, and simmer until thick and glossy. Season with salt.",Laat de saus pruttelen,"Voeg tomaten toe, maak ze stuk en laat zachtjes pruttelen tot dik en glanzend. Breng op smaak met zout.",Sauce köcheln lassen,"Tomaten zugeben, zerdrücken und köcheln lassen, bis sie dick und glänzend sind. Mit Salz würzen.",Laisser mijoter la sauce,"Ajouter les tomates, les écraser et laisser mijoter jusqu à une sauce épaisse et brillante. Saler."
it_pasta_alla_norma,s5,5,600,TRUE,Boil water,Bring %i8 to a rolling boil in a large pot and season it with salt.,Kook water,Breng %i8 in een grote pan aan de kook en zout het water.,Wasser kochen, %i8 in einem großen Topf sprudelnd aufkochen und salzen.,Faire bouillir l eau,Porter %i8 à gros bouillons dans une grande marmite et saler.
it_pasta_alla_norma,s6,6,540,TRUE,Cook the pasta,"Add rigatoni and cook until al dente. Reserve some starchy pasta water, then drain.",Kook de pasta,Voeg rigatoni toe en kook al dente. Bewaar wat zetmeelrijk pastawater en giet af.,Pasta kochen,Rigatoni zugeben und al dente garen. Etwas stärkehaltiges Nudelwasser aufbewahren und abgießen.,Cuire les pâtes,Ajouter les rigatoni et cuire al dente. Réserver un peu d eau de cuisson amidonnée puis égoutter.
it_pasta_alla_norma,s7,7,180,FALSE,Combine pasta and sauce,"Toss pasta with the tomato sauce, loosening with a splash of reserved pasta water if needed.",Meng pasta en saus,Meng de pasta met de tomatensaus en maak zo nodig los met een scheutje bewaard pastawater.,Pasta und Sauce verbinden,Pasta mit der Tomatensauce mischen und bei Bedarf mit einem Schuss vom aufbewahrten Nudelwasser lockern.,Mélanger pâtes et sauce,"Mélanger les pâtes avec la sauce tomate, détendre si besoin avec un filet d eau de cuisson réservée."
it_pasta_alla_norma,s8,8,180,FALSE,Add eggplant and basil,"Fold in most of the fried eggplant and tear in basil, keeping a little eggplant for the top.",Voeg aubergine en basilicum toe,"Schep het meeste gebakken aubergine erdoor en scheur basilicum erbij, houd wat aubergine apart voor bovenop.",Auberginen und Basilikum zugeben,"Den Großteil der gebratenen Auberginen unterheben und Basilikum dazu zupfen, etwas Aubergine für obenauf zurückhalten.",Ajouter aubergine et basilic,"Incorporer la plupart des aubergines frites et ajouter le basilic en morceaux, garder un peu d aubergine pour le dessus."
it_pasta_alla_norma,s9,9,60,FALSE,Finish and serve,"Plate, top with remaining eggplant, and grate ricotta salata over each portion.",Werk af en serveer,"Schep op, leg de rest van de aubergine erop en rasp ricotta salata over elke portie.",Vollenden und servieren,"Anrichten, mit der restlichen Aubergine toppen und Ricotta salata über jede Portion reiben.",Finir et servir,"Dresser, ajouter le reste d aubergine et râper la ricotta salata sur chaque portion."
it_risotto_alla_milanese,s1,1,900,TRUE,Heat the stock,Warm the chicken stock in a pot and keep it at a gentle simmer so it is ready for the rice.,Verwarm de bouillon,Verwarm kippenbouillon in een pan en houd op zacht pruttelen zodat het klaar is voor de rijst.,Brühe erhitzen,"Hühnerbrühe in einem Topf erwärmen und leise köcheln lassen, damit sie für den Reis bereit ist.",Chauffer le bouillon,Réchauffer le bouillon de poulet et le maintenir à petit frémissement pour qu il soit prêt pour le riz.
it_risotto_alla_milanese,s2,2,300,FALSE,Soak the saffron,"In a small bowl, steep saffron in a little hot stock until the color blooms.",Week de saffraan,Laat saffraan in een kleine kom trekken in een beetje hete bouillon tot de kleur loskomt.,Safran ziehen lassen,"Safran in einer kleinen Schüssel in etwas heißer Brühe ziehen lassen, bis die Farbe kräftig ist.",Infuser le safran,"Dans un petit bol, faire infuser le safran dans un peu de bouillon chaud jusqu à ce que la couleur se développe."
it_risotto_alla_milanese,s3,3,480,FALSE,Sweat the onion,"Finely chop the onion. In a wide saucepan, melt part of the butter with olive oil and cook the onion gently until soft and translucent.",Fruit de ui,Snijd de ui fijn. Smelt in een brede pan een deel van de boter met olijfolie en gaar de ui zacht tot zacht en glazig.,Zwiebel anschwitzen,"Zwiebel sehr fein hacken. In einer breiten Sauteuse einen Teil der Butter mit Olivenöl schmelzen und die Zwiebel sanft garen, bis sie weich und glasig ist.",Faire suer l oignon,"Hacher finement l oignon. Dans une sauteuse large, faire fondre une partie du beurre avec l huile d olive et cuire l oignon doucement jusqu à ce qu il soit tendre et translucide."
it_risotto_alla_milanese,s4,4,180,FALSE,Toast the rice,Add the rice and stir until the grains are hot and lightly translucent at the edges.,Rooster de rijst,Voeg de rijst toe en roer tot de korrels heet zijn en aan de randen licht doorschijnend.,Reis anrösten,"Reis zugeben und rühren, bis die Körner heiß sind und an den Rändern leicht durchsichtig werden.",Nacrer le riz,Ajouter le riz et remuer jusqu à ce que les grains soient chauds et légèrement translucides sur les bords.
it_risotto_alla_milanese,s5,5,180,TRUE,Reduce the wine,Pour in the wine and stir until it is mostly absorbed and the sharp alcohol smell fades.,Laat de wijn inkoken,Schenk de wijn erbij en roer tot hij grotendeels is opgenomen en de alcoholgeur weg is.,Wein einkochen,"Wein angießen und rühren, bis er größtenteils aufgenommen ist und der stechende Alkoholgeruch verflogen ist.",Réduire le vin,Verser le vin et remuer jusqu à ce qu il soit presque absorbé et que l odeur d alcool s estompe.
it_risotto_alla_milanese,s6,6,900,FALSE,Begin adding stock,"Add a ladle of hot stock and stir steadily until it is nearly absorbed, keeping the rice at a gentle simmer.",Begin met bouillon toevoegen,"Voeg een soeplepel hete bouillon toe en roer rustig tot bijna opgenomen, houd de rijst zacht pruttelend.",Mit Brühe beginnen,"Eine Kelle heiße Brühe zugeben und stetig rühren, bis sie fast aufgenommen ist, dabei den Reis sanft köcheln lassen.",Commencer le bouillon,"Ajouter une louche de bouillon chaud et remuer régulièrement jusqu à ce qu il soit presque absorbé, en gardant un frémissement doux."
it_risotto_alla_milanese,s7,7,900,FALSE,Cook gradually,"Continue adding stock a ladle at a time, stirring and letting each addition absorb before the next, until the rice is tender with a slight bite.",Gaar geleidelijk,"Blijf bouillon lepel voor lepel toevoegen, roer en laat elke toevoeging opnemen voor de volgende, tot de rijst gaar is met een lichte beet.",Nach und nach garen,"Weiter Brühe kellenweise zugeben, rühren und jede Zugabe aufnehmen lassen, bis der Reis zart ist, aber noch leichten Biss hat.",Cuire progressivement,"Continuer à ajouter le bouillon louche par louche, en remuant et en laissant chaque ajout s absorber avant le suivant, jusqu à ce que le riz soit tendre avec une légère mâche."
it_risotto_alla_milanese,s8,8,180,FALSE,Add saffron,Stir in the saffron infusion and continue cooking briefly until the color is even and the texture is creamy.,Voeg saffraan toe,Roer het saffraanextract erdoor en kook kort door tot de kleur egaal is en de textuur romig.,Safran zugeben,"Safranaufguss einrühren und kurz weitergaren, bis die Farbe gleichmäßig ist und die Konsistenz cremig wird.",Ajouter le safran,Incorporer l infusion de safran et cuire encore brièvement jusqu à une couleur uniforme et une texture crémeuse.
it_risotto_alla_milanese,s9,9,120,FALSE,Mantecatura,"Turn off the heat. Stir in the remaining butter and Parmigiano-Reggiano until glossy and flowing, then season with salt.",Mantecatura,Zet het vuur uit. Roer de rest van de boter en Parmigiano-Reggiano erdoor tot glanzend en vloeiend en breng op smaak met zout.,Mantecatura,"Herd ausschalten. Restliche Butter und Parmigiano Reggiano einrühren, bis das Risotto glänzt und fließend ist, dann mit Salz abschmecken.",Mantecatura,"Couper le feu. Incorporer le reste du beurre et le Parmigiano Reggiano jusqu à obtenir un risotto brillant et coulant, puis ajuster le sel."
it_risotto_alla_milanese,s10,10,60,TRUE,Rest briefly,"Let the risotto stand for a moment so it relaxes, then stir once and serve immediately.",Laat kort rusten,"Laat de risotto heel even staan zodat hij ontspant, roer één keer door en serveer direct.",Kurz ruhen lassen,"Das Risotto kurz stehen lassen, dann einmal umrühren und sofort servieren.",Laisser reposer,"Laisser le risotto reposer un instant, remuer une fois et servir immédiatement."
it_lasagna_alla_bolognese,s1,1,600,FALSE,Prep the soffritto,"Finely chop the onion, carrot, and celery so they cook down evenly and disappear into the ragù.",Bereid de soffritto,"Snijd de ui, wortel en bleekselderij heel fijn zodat ze gelijkmatig zacht worden en verdwijnen in de ragù.",Bereite das Soffritto vor,"Zwiebel, Karotte und Sellerie sehr fein hacken, damit sie gleichmäßig weich werden und im Ragù praktisch verschwinden.",Préparer le soffritto,"Hacher très finement l oignon, la carotte et le céleri pour qu ils cuisent uniformément et disparaissent dans le ragù."
it_lasagna_alla_bolognese,s2,2,420,FALSE,Render pancetta,"Warm the heavy pot over medium heat, add pancetta, and cook until the fat renders and the pieces turn lightly golden.",Smelt het vet uit de pancetta,"Verwarm de zware pan op middelhoog vuur, voeg pancetta toe en bak tot het vet is uitgesmolten en de stukjes licht goud kleuren.",Pancetta auslassen,"Den schweren Topf bei mittlerer Hitze erwärmen, Pancetta zugeben und braten, bis das Fett ausgelassen ist und die Stücke leicht goldgelb sind.",Faire fondre la pancetta,"Chauffer la cocotte à feu moyen, ajouter la pancetta et cuire jusqu à ce que la graisse soit rendue et que les morceaux soient légèrement dorés."
it_lasagna_alla_bolognese,s3,3,600,FALSE,Soften the vegetables,"Add olive oil, then add the chopped vegetables and cook gently until soft and fragrant without browning.",Fruit de groenten,"Voeg olijfolie toe, doe de gesneden groenten erbij en gaar zacht tot zacht en geurig zonder te kleuren.",Gemüse weich schmoren,"Olivenöl zugeben, dann das gehackte Gemüse einrühren und sanft garen, bis es weich und duftend ist, ohne zu bräunen.",Faire suer les légumes,"Ajouter l huile d olive puis les légumes hachés et cuire doucement jusqu à ce qu ils soient tendres et parfumés, sans coloration."
it_lasagna_alla_bolognese,s4,4,900,FALSE,Brown the meat,"Add ground beef and ground pork, break up well, and cook until the meat loses its raw color and begins to brown.",Bak het vlees aan,"Voeg rundergehakt en varkensgehakt toe, maak goed los en bak tot het niet meer rauw oogt en begint te kleuren.",Fleisch anbraten,"Rinderhack und Schweinehack zugeben, gut zerteilen und braten, bis das Fleisch nicht mehr roh aussieht und zu bräunen beginnt.",Faire revenir la viande,"Ajouter le boeuf haché et le porc haché, bien émietter et cuire jusqu à ce que la viande ne soit plus rouge et commence à dorer."
it_lasagna_alla_bolognese,s5,5,300,TRUE,Reduce the wine,Pour in the wine and simmer until most of the liquid evaporates and the sharp alcohol smell fades.,Laat de wijn inkoken,Schenk de wijn erbij en laat pruttelen tot het meeste vocht verdampt is en de alcoholgeur weg is.,Wein einkochen,"Wein angießen und köcheln lassen, bis der Großteil der Flüssigkeit verdampft ist und der stechende Alkoholgeruch verflogen ist.",Réduire le vin,Verser le vin et laisser frémir jusqu à évaporation de la plupart du liquide et disparition de l odeur d alcool.
it_lasagna_alla_bolognese,s6,6,90,FALSE,Cook the tomato paste,"Stir in tomato paste and cook briefly, scraping the bottom, until it darkens slightly.",Bak de tomatenpuree,"Roer tomatenpuree erdoor en bak kort, schraap de bodem mee, tot hij iets donkerder wordt.",Tomatenmark rösten,"Tomatenmark einrühren und kurz unter Rühren rösten, dabei den Topfboden abkratzen, bis es leicht nachdunkelt.",Cuire le concentré de tomate,Incorporer le concentré de tomate et cuire brièvement en grattant le fond jusqu à ce qu il fonce légèrement.
it_lasagna_alla_bolognese,s7,7,7200,TRUE,Slow simmer the ragù,"Add passata, season with a little salt and pepper, bring to a gentle simmer, then cook partially covered, stirring occasionally, until rich and thick.",Laat de ragù zacht pruttelen,"Voeg passata toe, kruid met wat zout en peper, breng zachtjes aan de kook en laat half afgedekt garen, roer af en toe, tot rijk en dik.",Ragù sanft schmoren,"Passata zugeben, mit etwas Salz und Pfeffer würzen, sanft aufkochen und dann halb zugedeckt leise köcheln lassen, gelegentlich rühren, bis reichhaltig und dick.",Mijoter le ragù,"Ajouter la passata, saler et poivrer légèrement, porter à petit frémissement puis cuire à demi couvert en remuant de temps en temps jusqu à une sauce riche et épaisse."
it_lasagna_alla_bolognese,s8,8,900,TRUE,Finish with milk,"Stir in milk and continue simmering gently until the ragù looks silky and well integrated, adjusting seasoning as needed.",Werk af met melk,"Roer melk erdoor en laat nog zacht pruttelen tot de ragù zijdezacht oogt en mooi is gebonden, proef en breng op smaak.",Mit Milch vollenden,"Milch einrühren und weiter sanft köcheln lassen, bis das Ragù seidig wirkt und gut verbunden ist, nach Bedarf abschmecken.",Finir au lait,"Incorporer le lait et poursuivre le mijotage doux jusqu à ce que le ragù paraisse soyeux et bien lié, puis ajuster l assaisonnement."
it_lasagna_alla_bolognese,s9,9,900,FALSE,Make béchamel,"In a saucepan, melt butter, whisk in flour to form a smooth paste, then gradually whisk in milk. Simmer, whisking, until thick enough to coat a spoon and season with salt and nutmeg.",Maak béchamel,"Smelt boter in een pan, klop bloem erdoor tot een glad papje en klop dan geleidelijk melk erdoor. Laat zachtjes koken en klop tot dik genoeg om een lepel te bedekken en breng op smaak met zout en nootmuskaat.",Béchamel zubereiten,"In einem Topf Butter schmelzen, Mehl einrühren, bis eine glatte Paste entsteht, dann nach und nach Milch einrühren. Unter Rühren köcheln lassen, bis die Sauce dick genug ist, einen Löffel zu überziehen, mit Salz und Muskat würzen.",Préparer la béchamel,"Dans une casserole, faire fondre le beurre, fouetter la farine pour obtenir une pâte lisse, puis ajouter le lait progressivement en fouettant. Laisser frémir en fouettant jusqu à ce que la sauce nappe la cuillère et assaisonner de sel et de muscade."
it_lasagna_alla_bolognese,s10,10,300,FALSE,Heat the oven,Preheat the oven so it is fully hot before baking the lasagna.,Verwarm de oven,Verwarm de oven voor zodat hij volledig heet is voordat je de lasagne bakt.,Ofen vorheizen,"Den Ofen so vorheizen, dass er vor dem Backen der Lasagne vollständig heiß ist.",Préchauffer le four,Préchauffer le four pour qu il soit bien chaud avant d enfourner la lasagne.
it_lasagna_alla_bolognese,s11,11,900,FALSE,Assemble the layers,"Spread a thin layer of béchamel in the baking dish, add pasta sheets, then add ragù, béchamel, and a sprinkle of Parmigiano-Reggiano. Repeat to use everything, finishing with béchamel and Parmigiano-Reggiano on top.",Bouw de lagen op,"Smeer een dun laagje béchamel in de ovenschaal, leg pastavellen en voeg dan ragù, béchamel en een beetje Parmigiano-Reggiano toe. Herhaal tot alles op is en eindig met béchamel en Parmigiano-Reggiano bovenop.",Schichten zusammensetzen,"Eine dünne Schicht Béchamel in die Form streichen, Pastaplatten darauflegen, dann Ragù, Béchamel und etwas Parmigiano Reggiano. Wiederholen, bis alles aufgebraucht ist, mit Béchamel und Parmigiano Reggiano oben abschließen.",Monter les couches,"Étaler une fine couche de béchamel dans le plat, ajouter les feuilles de pâte, puis le ragù, la béchamel et un peu de Parmigiano Reggiano. Répéter jusqu à épuisement en finissant par béchamel et Parmigiano Reggiano."
it_lasagna_alla_bolognese,s12,12,2400,TRUE,Bake,Bake until bubbling and the top is lightly browned and set.,Bak,Bak tot het borrelt en de bovenkant licht bruin en stevig is.,Backen,"Backen, bis es blubbert und die Oberfläche leicht gebräunt und gesetzt ist.",Cuire,Cuire jusqu à ce que ça bouillonne et que le dessus soit légèrement doré et pris.
it_lasagna_alla_bolognese,s13,13,600,TRUE,Rest,Let the lasagna rest so the layers settle and slices hold their shape.,Laat rusten,Laat de lasagne rusten zodat de lagen zetten en stukken netjes blijven.,Ruhen lassen,"Die Lasagne ruhen lassen, damit sich die Schichten setzen und Stücke sauber halten.",Laisser reposer,Laisser reposer la lasagne pour que les couches se stabilisent et que les parts se tiennent.
it_lasagna_alla_bolognese,s14,14,60,FALSE,Serve,Cut into portions and serve hot.,Serveer,Snijd in porties en serveer heet.,Servieren,In Portionen schneiden und heiß servieren.,Servir,Couper en portions et servir chaud.
it_ossobuco_alla_milanese,s1,1,600,FALSE,Prep the soffritto,"Finely chop the onion, carrot, and celery for an even braising base.",Bereid de soffritto,"Snijd de ui, wortel en bleekselderij fijn voor een gelijkmatige stoofbasis.",Bereite das Soffritto vor,"Zwiebel, Karotte und Sellerie fein hacken für eine gleichmäßige Schmorbasis.",Préparer le soffritto,"Hacher finement l oignon, la carotte et le céleri pour une base de braisage uniforme."
it_ossobuco_alla_milanese,s2,2,300,FALSE,Season and dredge,"Season the veal shanks with salt and pepper, then lightly coat with flour and shake off excess.",Kruid en bestuif,"Kruid de kalfsschenkels met zout en peper, haal ze licht door bloem en klop het teveel eraf.",Würzen und mehlieren,"Kalbshaxen mit Salz und Pfeffer würzen, dann leicht mit Mehl bestäuben und Überschuss abklopfen.",Assaisonner et fariner,"Saler et poivrer les jarrets de veau, puis les enrober légèrement de farine et secouer l excédent."
it_ossobuco_alla_milanese,s3,3,720,FALSE,Brown the shanks,Heat butter and olive oil in the pot and brown the shanks on both sides until deeply golden. Remove to a plate.,Braad de schenkels aan,Verhit boter en olijfolie in de pan en braad de schenkels aan beide kanten diep goudbruin. Haal ze uit de pan.,Haxen anbraten,Butter und Olivenöl im Topf erhitzen und die Haxen beidseitig tief goldbraun anbraten. Auf einen Teller nehmen.,Dorer les jarrets,Chauffer beurre et huile d olive et dorer les jarrets des deux côtés jusqu à une belle coloration. Réserver sur une assiette.
it_ossobuco_alla_milanese,s4,4,600,FALSE,Sweat the vegetables,"Add the chopped vegetables to the pot and cook until softened, scraping up browned bits.",Fruit de groenten,"Voeg de gesneden groenten toe en bak tot zacht, schraap de aanbaksels los.",Gemüse anschwitzen,"Das gehackte Gemüse zugeben und weich garen, dabei die Röststoffe vom Boden lösen.",Faire suer les légumes,Ajouter les légumes hachés et cuire jusqu à ce qu ils soient tendres en décollant les sucs.
it_ossobuco_alla_milanese,s5,5,90,FALSE,Cook the tomato paste,Stir in tomato paste and cook briefly until it darkens slightly.,Bak de tomatenpuree,Roer tomatenpuree erdoor en bak kort tot hij iets donkerder wordt.,Tomatenmark rösten,"Tomatenmark einrühren und kurz rösten, bis es leicht nachdunkelt.",Cuire le concentré de tomate,Incorporer le concentré de tomate et cuire brièvement jusqu à ce qu il fonce légèrement.
it_ossobuco_alla_milanese,s6,6,300,TRUE,Reduce the wine,Pour in the wine and simmer until reduced and the sharp alcohol smell fades.,Laat de wijn inkoken,Schenk de wijn erbij en laat inkoken tot het is gereduceerd en de alcoholgeur weg is.,Wein einkochen,"Wein angießen und köcheln lassen, bis reduziert und der stechende Alkoholgeruch verflogen ist.",Réduire le vin,Verser le vin et laisser frémir jusqu à réduction et disparition de l odeur d alcool.
it_ossobuco_alla_milanese,s7,7,7200,TRUE,Braise gently,"Return the shanks to the pot, add stock, bring to a gentle simmer, cover, and braise until very tender, turning the shanks once during cooking.",Stoof zachtjes,"Leg de schenkels terug, voeg bouillon toe, breng op zacht pruttelen, dek af en stoof tot zeer gaar, keer de schenkels één keer.",Sanft schmoren,"Haxen zurück in den Topf geben, Brühe zugeben, sanft aufkochen, abdecken und schmoren, bis sehr zart, die Haxen dabei einmal wenden.",Braiser doucement,"Remettre les jarrets, ajouter le bouillon, porter à petit frémissement, couvrir et braiser jusqu à très tendre, en retournant une fois."
it_ossobuco_alla_milanese,s8,8,600,TRUE,Reduce the sauce,"Uncover and simmer the braising liquid until slightly thickened and glossy, then adjust seasoning.",Laat de saus inkoken,"Haal het deksel eraf en laat het stoofvocht inkoken tot iets dikker en glanzend, proef en breng op smaak.",Sauce reduzieren,"Ohne Deckel die Schmorflüssigkeit einkochen lassen, bis sie leicht dicklich und glänzend ist, dann abschmecken.",Réduire la sauce,"Découvrir et réduire le jus de cuisson jusqu à légèrement nappant et brillant, puis ajuster l assaisonnement."
it_ossobuco_alla_milanese,s9,9,240,FALSE,Make gremolata,"Finely chop parsley and garlic, then mix with lemon zest to form a fresh gremolata.",Maak gremolata,Snijd peterselie en knoflook fijn en meng met citroenrasp tot een frisse gremolata.,Gremolata zubereiten,Petersilie und Knoblauch fein hacken und mit Zitronenabrieb zu einer frischen Gremolata mischen.,Préparer la gremolata,"Hacher finement persil et ail, puis mélanger avec le zeste de citron pour obtenir une gremolata fraîche."
it_ossobuco_alla_milanese,s10,10,60,FALSE,Serve,Plate the shanks with sauce and spoon gremolata over the top just before serving.,Serveer,Schep de schenkels op met saus en lepel vlak voor het serveren gremolata erover.,Servieren,Haxen mit Sauce anrichten und Gremolata kurz vor dem Servieren darüber geben.,Servir,Dresser les jarrets avec la sauce et ajouter la gremolata juste avant de servir.
it_bistecca_alla_fiorentina,s1,1,1200,TRUE,Warm the steak,Bring the steak to room temperature so it cooks evenly.,Laat de steak op temperatuur komen,Laat de steak op kamertemperatuur komen zodat hij gelijkmatig gaart.,Steak temperieren,"Das Steak auf Zimmertemperatur bringen, damit es gleichmäßig gart.",Tempérer le steak,Mettre le steak à température ambiante pour une cuisson uniforme.
it_bistecca_alla_fiorentina,s2,2,1200,TRUE,Prepare a hot fire,Light charcoal and build a very hot bed of coals. Set the grate close to the heat and let it get fully hot.,Maak een heet vuur,Steek houtskool aan en maak een zeer heet kolenbed. Zet het rooster dicht bij de hitte en laat het goed heet worden.,Sehr heißes Feuer vorbereiten,Holzkohle anzünden und ein sehr heißes Glutbett aufbauen. Den Rost nah an die Hitze setzen und vollständig aufheizen.,Préparer un feu très chaud,Allumer le charbon et former un lit de braises très chaud. Placer la grille près de la chaleur et la laisser bien chauffer.
it_bistecca_alla_fiorentina,s3,3,60,FALSE,Season,Pat the steak dry and season with salt just before grilling.,Kruid,Dep de steak droog en zout vlak voor het grillen.,Würzen,Das Steak trocken tupfen und erst direkt vor dem Grillen salzen.,Assaisonner,Éponger le steak et le saler juste avant de griller.
it_bistecca_alla_fiorentina,s4,4,300,FALSE,Sear first side,Place the steak over the hottest coals and sear without moving to build a deep crust.,Schroei de eerste kant,Leg de steak boven de heetste kolen en schroei zonder te bewegen voor een diepe korst.,Erste Seite scharf anbraten,"Das Steak über die heißeste Glut legen und ohne Bewegen anrösten, damit eine kräftige Kruste entsteht.",Saisir la première face,Placer le steak sur les braises les plus chaudes et saisir sans bouger pour former une croûte marquée.
it_bistecca_alla_fiorentina,s5,5,240,FALSE,Sear second side,Flip once and sear the other side to match the crust.,Schroei de tweede kant,Keer één keer om en schroei de andere kant voor dezelfde korst.,Zweite Seite scharf anbraten,Einmal wenden und die andere Seite ebenso anrösten.,Saisir la seconde face,Retourner une seule fois et saisir l autre face de la même façon.
it_bistecca_alla_fiorentina,s6,6,300,FALSE,Finish on edge,Stand the steak on its side so the fat cap and edges render and brown.,Gaar op de rand,Zet de steak op de zijkant zodat de vetrand en randen kunnen uitbakken en kleuren.,Auf der Kante fertigstellen,"Das Steak auf die Seite stellen, damit Fettrand und Kanten auslassen und bräunen.",Finir sur la tranche,Mettre le steak sur la tranche pour faire fondre et dorer la bande de gras et les bords.
it_bistecca_alla_fiorentina,s7,7,600,TRUE,Rest,Move the steak to a wire rack and rest so juices redistribute.,Laat rusten,Leg de steak op een rooster en laat rusten zodat de sappen zich verdelen.,Ruhen lassen,"Das Steak auf ein Rost legen und ruhen lassen, damit sich die Säfte verteilen.",Laisser reposer,Déposer le steak sur une grille et laisser reposer pour que les jus se redistribuent.
it_bistecca_alla_fiorentina,s8,8,60,FALSE,Serve,"Slice off the bone side, cut the meat across the grain, drizzle with olive oil, and finish with black pepper.",Serveer,"Snijd langs het bot, snijd het vlees haaks op de draad, besprenkel met olijfolie en maak af met zwarte peper.",Servieren,"Am Knochen entlang lösen, das Fleisch quer zur Faser schneiden, mit Olivenöl beträufeln und mit schwarzem Pfeffer vollenden.",Servir,"Découper le long de l os, trancher la viande perpendiculairement aux fibres, arroser d huile d olive et terminer au poivre noir."
it_pizza_margherita,s1,1,300,FALSE,Mix the dough,"Dissolve yeast in %i2 in a bowl, then add flour and mix until a shaggy dough forms. Add salt and mix until incorporated.",Meng het deeg,"Los gist op in %i2 in een kom, voeg bloem toe en meng tot een ruw deeg. Voeg zout toe en meng tot opgenomen.",Teig mischen,"Hefe in %i2 in einer Schüssel auflösen, dann Mehl zugeben und mischen, bis ein zottiger Teig entsteht. Salz zugeben und einarbeiten.",Mélanger la pâte,"Dissoudre la levure dans %i2 dans un bol, ajouter la farine et mélanger jusqu à obtenir une pâte grossière. Ajouter le sel et mélanger jusqu à incorporation."
it_pizza_margherita,s2,2,600,FALSE,Knead until smooth,"Knead on the work surface until the dough is smooth, elastic, and no longer sticky.",Kneed tot glad,Kneed op het werkblad tot het deeg glad en elastisch is en niet meer plakt.,Kneten bis glatt,"Auf der Arbeitsfläche kneten, bis der Teig glatt, elastisch und nicht mehr klebrig ist.",Pétrir jusqu à lisse,"Pétrir sur le plan de travail jusqu à une pâte lisse, élastique et non collante."
it_pizza_margherita,s3,3,28800,TRUE,Bulk ferment,"Place the dough in a bowl, cover, and let it rise until airy and expanded.",Eerste rijs,"Leg het deeg in een kom, dek af en laat rijzen tot luchtig en duidelijk groter.",Stockgare,"Den Teig in eine Schüssel geben, abdecken und gehen lassen, bis er luftig und deutlich vergrößert ist.",Première fermentation,"Mettre la pâte dans un bol, couvrir et laisser lever jusqu à ce qu elle soit aérée et bien développée."
it_pizza_margherita,s4,4,300,FALSE,Portion the dough,Divide the dough into equal pieces and shape each into a tight ball.,Verdeel het deeg,Verdeel het deeg in gelijke stukken en vorm elk stuk tot een strakke bol.,Teig portionieren,Den Teig in gleich große Stücke teilen und jedes Stück zu einer straffen Kugel formen.,Portionner la pâte,Diviser en parts égales et façonner chaque part en boule bien serrée.
it_pizza_margherita,s5,5,21600,TRUE,Final proof,Cover the dough balls and let them proof until relaxed and puffy.,Nareis,Dek de deegbollen af en laat rijzen tot ontspannen en luchtig.,Stückgare,"Die Teigkugeln abdecken und gehen lassen, bis sie entspannt und sichtbar aufgegangen sind.",Seconde levée,Couvrir les boules et laisser lever jusqu à ce qu elles soient détendues et gonflées.
it_pizza_margherita,s6,6,3600,TRUE,Heat oven and stone,Preheat the oven at its highest setting with a pizza stone or steel inside until fully heated.,Verwarm oven en steen,Verwarm de oven op de hoogste stand met pizzasteen of staal erin tot alles goed door en door heet is.,Ofen und Stein aufheizen,Den Ofen auf höchster Stufe mit Pizzastein oder Stahl darin vollständig vorheizen.,Chauffer le four et la pierre,Préchauffer le four au maximum avec une pierre ou une plaque acier à l intérieur jusqu à complète chauffe.
it_pizza_margherita,s7,7,240,FALSE,Prepare toppings,Crush tomatoes by hand and season with salt. Slice and drain mozzarella so it is not watery.,Bereid de topping,Knijp tomaten met de hand fijn en zout. Snijd mozzarella en laat uitlekken zodat hij niet waterig is.,Belag vorbereiten,"Tomaten von Hand zerdrücken und salzen. Mozzarella schneiden und abtropfen lassen, damit er nicht wässrig ist.",Préparer la garniture,Écraser les tomates à la main et saler. Trancher la mozzarella et l égoutter pour qu elle ne soit pas aqueuse.
it_pizza_margherita,s8,8,180,FALSE,Stretch the dough,"On a lightly floured surface, press and stretch a dough ball into a round, keeping a thicker rim.",Rek het deeg uit,Druk en rek op een licht bebloemd werkblad een deegbol uit tot een ronde vorm met een dikkere rand.,Teig ausziehen,"Auf leicht bemehlter Fläche eine Teigkugel flach drücken und zu einem runden Fladen ausziehen, dabei einen dickeren Rand lassen.",Étaler la pâte,"Sur un plan légèrement fariné, presser et étirer une boule en disque en gardant un bord plus épais."
it_pizza_margherita,s9,9,120,FALSE,Top the pizza,"Spread tomato over the center, add mozzarella, and drizzle with olive oil.",Beleg de pizza,"Verdeel tomaat over het midden, voeg mozzarella toe en besprenkel met olijfolie.",Pizza belegen,"Tomaten auf die Mitte geben, Mozzarella darauf verteilen und mit Olivenöl beträufeln.",Garnir la pizza,"Étaler la tomate au centre, ajouter la mozzarella et arroser d huile d olive."
it_pizza_margherita,s10,10,90,TRUE,Bake,"Bake on the hot stone or steel until puffed, spotted, and melted, turning if needed for even color.",Bak,"Bak op de hete steen of het staal tot gerezen, mooi gevlekt en de kaas gesmolten is en draai zo nodig voor egale kleur.",Backen,"Auf dem heißen Stein oder Stahl backen, bis der Rand aufgegangen und gefleckt ist und der Belag schmilzt, bei Bedarf drehen für gleichmäßige Bräunung.",Cuire,"Cuire sur la pierre ou l acier bien chaud jusqu à ce que le bord gonfle et tache, et que la garniture fonde, tourner si nécessaire pour une couleur uniforme."
it_pizza_margherita,s11,11,30,FALSE,Finish and serve,Add fresh basil and serve immediately while hot.,Werk af en serveer,Voeg verse basilicum toe en serveer direct terwijl hij heet is.,Vollenden und servieren,Frisches Basilikum daraufgeben und sofort heiß servieren.,Finir et servir,Ajouter le basilic frais et servir immédiatement bien chaud.
it_bruschetta_al_pomodoro,s1,1,420,FALSE,Prepare the tomatoes,Dice the tomatoes and place them in a bowl. Tear basil and add it to the tomatoes.,Bereid de tomaten,Snijd tomaten in blokjes en doe in een kom. Scheur basilicum en voeg toe.,Tomaten vorbereiten,Tomaten würfeln und in eine Schüssel geben. Basilikum zupfen und zu den Tomaten geben.,Préparer les tomates,Couper les tomates en dés et les mettre dans un bol. Déchirer le basilic et l ajouter aux tomates.
it_bruschetta_al_pomodoro,s2,2,120,FALSE,Season the topping,"Add olive oil, salt, and pepper to the tomatoes and stir gently to combine.",Breng de topping op smaak,"Voeg olijfolie, zout en peper toe en roer voorzichtig door.",Belag würzen,"Olivenöl, Salz und Pfeffer zu den Tomaten geben und vorsichtig mischen.",Assaisonner la garniture,"Ajouter huile d olive, sel et poivre et mélanger délicatement."
it_bruschetta_al_pomodoro,s3,3,300,FALSE,Toast the bread,Toast or grill the bread slices until crisp and well browned on the surface.,Rooster het brood,Rooster of gril de sneetjes brood tot knapperig en goed bruin.,Brot rösten,"Brotscheiben toasten oder grillen, bis sie knusprig und gut gebräunt sind.",Griller le pain,Griller ou toaster les tranches jusqu à ce qu elles soient croustillantes et bien dorées.
it_bruschetta_al_pomodoro,s4,4,60,FALSE,Rub with garlic,"While the bread is still warm, rub the cut side of garlic over each slice.",Wrijf met knoflook,Wrijf terwijl het brood nog warm is met de snijkant van knoflook over elke snee.,Mit Knoblauch einreiben,"Solange das Brot noch warm ist, die Schnittseite von Knoblauch über jede Scheibe reiben.",Frotter à l ail,"Pendant que le pain est encore chaud, frotter chaque tranche avec la face coupée de l ail."
it_bruschetta_al_pomodoro,s5,5,120,FALSE,Top the bruschetta,Spoon the tomato mixture onto the warm toasted bread.,Beleg de bruschetta,Schep het tomatenmengsel op het warme geroosterde brood.,Bruschetta belegen,Die Tomatenmischung auf das warme geröstete Brot löffeln.,Garnir la bruschetta,Déposer le mélange de tomates sur le pain grillé encore chaud.
it_bruschetta_al_pomodoro,s6,6,30,FALSE,Serve,Serve immediately while the bread stays crisp.,Serveer,Serveer direct zodat het brood knapperig blijft.,Servieren,"Sofort servieren, damit das Brot knusprig bleibt.",Servir,Servir immédiatement pour que le pain reste croustillant.
it_insalata_caprese,s1,1,300,FALSE,Slice the ingredients,Slice the tomatoes and mozzarella into even rounds.,Snijd de ingrediënten,Snijd tomaten en mozzarella in gelijke plakken.,Zutaten schneiden,Tomaten und Mozzarella in gleichmäßige Scheiben schneiden.,Trancher les ingrédients,Couper tomates et mozzarella en tranches régulières.
it_insalata_caprese,s2,2,180,FALSE,Arrange,"Alternate tomato and mozzarella on a platter, tucking basil leaves between slices.",Schik,Leg tomaat en mozzarella om en om op een schaal en steek basilicumblaadjes ertussen.,Anrichten,Tomate und Mozzarella abwechselnd auf einer Platte anordnen und Basilikumblätter dazwischen stecken.,Dresser,Alterner tomate et mozzarella sur un plat en glissant des feuilles de basilic entre les tranches.
it_insalata_caprese,s3,3,60,FALSE,Dress,Drizzle with extra-virgin olive oil and season with salt and black pepper.,Maak aan,Besprenkel met extra vergine olijfolie en breng op smaak met zout en zwarte peper.,Abschmecken,Mit nativem Olivenöl extra beträufeln und mit Salz und schwarzem Pfeffer würzen.,Assaisonner,Arroser d huile d olive vierge extra et assaisonner de sel et de poivre noir.
it_insalata_caprese,s4,4,60,TRUE,Rest briefly,"Let the salad stand briefly so flavors mingle, then serve at room temperature.",Laat kort staan,Laat de salade even staan zodat smaken mengen en serveer op kamertemperatuur.,Kurz ziehen lassen,"Den Salat kurz stehen lassen, damit sich die Aromen verbinden, dann bei Zimmertemperatur servieren.",Laisser reposer,Laisser reposer brièvement pour que les saveurs se mêlent puis servir à température ambiante.
it_prosciutto_e_melone,s1,1,300,FALSE,Prepare the melon,"Cut the melon, remove seeds, and slice into wedges or bite-sized pieces.",Bereid de meloen,"Snijd de meloen, verwijder de pitten en snijd in partjes of hapklare stukken.",Melone vorbereiten,"Melone aufschneiden, Kerne entfernen und in Spalten oder mundgerechte Stücke schneiden.",Préparer le melon,"Couper le melon, retirer les graines et tailler en quartiers ou en morceaux."
it_prosciutto_e_melone,s2,2,120,FALSE,Arrange,Place melon on a platter and drape prosciutto slices over or alongside.,Schik,Leg meloen op een schaal en drapeer prosciutto erover of ernaast.,Anrichten,Melone auf einer Platte anrichten und Prosciutto darüber oder daneben legen.,Dresser,Disposer le melon sur un plat et déposer le prosciutto par dessus ou à côté.
it_prosciutto_e_melone,s3,3,60,FALSE,Serve,Serve chilled as a starter.,Serveer,Serveer gekoeld als voorgerecht.,Servieren,Gekühlt als Vorspeise servieren.,Servir,Servir bien frais en entrée.
it_vitello_tonnato,s1,1,600,FALSE,Prepare the poaching base,"Add %i6 to a pot with onion, carrot, celery, and salt, and bring to a gentle simmer.",Maak het pocheervocht,"Voeg %i6 toe aan een pan met ui, wortel, bleekselderij en zout en breng op zacht pruttelen.",Pochierfond vorbereiten," %i6 in einen Topf geben, Zwiebel, Karotte, Sellerie und Salz zufügen und sanft zum Köcheln bringen.",Préparer le liquide de pochage,"Ajouter %i6 dans une casserole avec oignon, carotte, céleri et sel puis porter à léger frémissement."
it_vitello_tonnato,s2,2,3600,TRUE,Poach the veal,Lower the veal into the simmering liquid and cook gently until tender. Lift out and let it cool completely.,Pocheer het kalfsvlees,Laat het kalfsvlees in het pruttelende vocht zakken en gaar zacht tot mals. Haal eruit en laat volledig afkoelen.,Kalbfleisch pochieren,"Das Kalbfleisch in die leise köchelnde Flüssigkeit geben und sanft garen, bis es zart ist. Herausheben und vollständig abkühlen lassen.",Pocher le veau,Plonger le veau dans le liquide frémissant et cuire doucement jusqu à ce qu il soit tendre. Retirer et laisser refroidir complètement.
it_vitello_tonnato,s3,3,21600,TRUE,Chill the veal,Refrigerate the veal until fully chilled so it slices very thinly.,Koel het kalfsvlees,Zet het kalfsvlees in de koelkast tot het goed koud is zodat je het flinterdun kunt snijden.,Kalbfleisch kühlen,"Das Kalbfleisch kalt stellen, bis es vollständig durchgekühlt ist, damit es sehr dünn geschnitten werden kann.",Refroidir le veau,Réfrigérer le veau jusqu à complet refroidissement pour pouvoir le trancher très finement.
it_vitello_tonnato,s4,4,300,FALSE,Blend the sauce,"Blend tuna, anchovies, capers, egg yolk, lemon juice, and olive oil with a little of the poaching liquid until smooth and creamy.",Mix de saus,"Mix tonijn, ansjovis, kappertjes, eidooier, citroensap en olijfolie met een beetje van het pocheervocht tot glad en romig.",Sauce mixen,"Thunfisch, Sardellen, Kapern, Eigelb, Zitronensaft und Olivenöl mit etwas vom Pochierfond mixen, bis die Sauce glatt und cremig ist.",Mixer la sauce,"Mixer thon, anchois, câpres, jaune d oeuf, jus de citron et huile d olive avec un peu du liquide de pochage jusqu à une sauce lisse et crémeuse."
it_vitello_tonnato,s5,5,180,FALSE,Slice the veal,Slice the chilled veal as thinly as possible and arrange on a platter.,Snijd het kalfsvlees,Snijd het koude kalfsvlees zo dun mogelijk en leg op een schaal.,Kalbfleisch schneiden,Das gekühlte Kalbfleisch so dünn wie möglich schneiden und auf einer Platte anrichten.,Trancher le veau,Trancher le veau froid le plus finement possible et disposer sur un plat.
it_vitello_tonnato,s6,6,120,FALSE,Coat and finish,Spoon the tuna sauce over the veal and season with black pepper.,Bedek en werk af,Lepel de tonijnsaus over het kalfsvlees en breng op smaak met zwarte peper.,Übergießen und vollenden,Die Thunfischsauce über das Kalbfleisch löffeln und mit schwarzem Pfeffer würzen.,Napper et finir,Napper de sauce au thon et poivrer.
it_vitello_tonnato,s7,7,3600,TRUE,Chill before serving,"Refrigerate briefly so the sauce sets and flavors meld, then serve cold.",Koel voor het serveren,Zet kort in de koelkast zodat de saus kan opstijven en smaken mengen en serveer koud.,Vor dem Servieren kühlen,"Kurz kalt stellen, damit die Sauce anzieht und sich die Aromen verbinden, dann kalt servieren.",Réfrigérer avant de servir,Réfrigérer brièvement pour que la sauce prenne et que les saveurs se fondent puis servir froid.
it_arancini,s1,1,600,FALSE,Prep the soffritto,"Finely chop onion, carrot, and celery for an even ragù base.",Bereid de soffritto,"Snijd ui, wortel en bleekselderij fijn voor een gelijkmatige ragùbasis.",Bereite das Soffritto vor,"Zwiebel, Karotte und Sellerie fein hacken für eine gleichmäßige Ragùbasis.",Préparer le soffritto,"Hacher finement oignon, carotte et céleri pour une base de ragù uniforme."
it_arancini,s2,2,900,FALSE,Cook the ragù base,"Warm olive oil in a saucepan, add the chopped vegetables, and cook gently until softened.",Gaar de basis,"Verwarm olijfolie in een pan, voeg de gesneden groenten toe en gaar zacht tot ze zacht zijn.",Ragùbasis garen,"Olivenöl in einem Topf erwärmen, das gehackte Gemüse zugeben und sanft garen, bis es weich ist.",Cuire la base,"Chauffer l huile d olive dans une casserole, ajouter les légumes hachés et cuire doucement jusqu à tendres."
it_arancini,s3,3,600,FALSE,Brown the meat,"Add ground beef, break it up, and cook until it loses its raw color and begins to brown.",Bak het vlees aan,"Voeg rundergehakt toe, maak los en bak tot het niet meer rauw oogt en begint te kleuren.",Fleisch anbraten,"Rinderhack zugeben, zerteilen und braten, bis es nicht mehr roh aussieht und zu bräunen beginnt.",Faire revenir la viande,"Ajouter le boeuf haché, l émietter et cuire jusqu à ce qu il ne soit plus rouge et commence à dorer."
it_arancini,s4,4,300,TRUE,Reduce the wine,Pour in the wine and simmer until the sharp alcohol smell fades and most liquid reduces.,Laat de wijn inkoken,Schenk de wijn erbij en laat pruttelen tot de alcoholgeur weg is en het meeste vocht is ingekookt.,Wein einkochen,"Wein angießen und köcheln lassen, bis der stechende Alkoholgeruch verflogen ist und der Großteil der Flüssigkeit reduziert ist.",Réduire le vin,Verser le vin et laisser frémir jusqu à ce que l odeur d alcool s estompe et que le liquide réduise largement.
it_arancini,s5,5,3600,TRUE,Simmer the ragù,"Stir in tomato paste and passata, season with salt and pepper, and simmer gently until thick. Stir in peas near the end and let them cook through. Cool the filling.",Laat de ragù pruttelen,"Roer tomatenpuree en passata erdoor, kruid met zout en peper en laat zacht pruttelen tot dik. Roer doperwten tegen het einde erdoor en laat ze gaar worden. Laat de vulling afkoelen.",Ragù köcheln lassen,"Tomatenmark und Passata einrühren, mit Salz und Pfeffer würzen und sanft köcheln lassen, bis dick. Erbsen gegen Ende einrühren und gar ziehen lassen. Füllung abkühlen lassen.",Mijoter le ragù,"Incorporer concentré de tomate et passata, saler et poivrer et mijoter doucement jusqu à épaississement. Ajouter les petits pois vers la fin et les laisser cuire. Laisser refroidir la farce."
it_arancini,s6,6,120,FALSE,Bloom the saffron,Warm a small splash of stock and steep saffron until the color releases.,Trek de saffraan,Verwarm een klein scheutje bouillon en laat saffraan trekken tot de kleur loskomt.,Safran ziehen lassen,"Einen kleinen Schuss Brühe erwärmen und Safran ziehen lassen, bis die Farbe frei wird.",Infuser le safran,Chauffer un petit filet de bouillon et y faire infuser le safran jusqu à libération de la couleur.
it_arancini,s7,7,1080,FALSE,Cook the rice,"Bring stock to a simmer in a pot, add rice, and cook until tender and the liquid is absorbed, stirring as needed. Stir in saffron infusion, butter, and Parmigiano-Reggiano, then season with salt.",Kook de rijst,"Breng bouillon op zacht pruttelen, voeg rijst toe en kook tot gaar en het vocht is opgenomen, roer zo nodig. Roer saffraanextract, boter en Parmigiano-Reggiano erdoor en breng op smaak met zout.",Reis kochen,"Brühe zum Köcheln bringen, Reis zugeben und garen, bis er zart ist und die Flüssigkeit aufgenommen hat, dabei bei Bedarf rühren. Safranaufguss, Butter und Parmigiano Reggiano einrühren und mit Salz würzen.",Cuire le riz,"Porter le bouillon à frémissement, ajouter le riz et cuire jusqu à tendreté et absorption, en remuant si besoin. Incorporer infusion de safran, beurre et Parmigiano Reggiano puis saler."
it_arancini,s8,8,7200,TRUE,Cool the rice,Spread the rice on a tray and cool completely so it becomes firm enough to shape.,Koel de rijst,Spreid de rijst uit op een bakplaat en laat volledig afkoelen zodat hij stevig genoeg wordt om te vormen.,Reis abkühlen,"Den Reis auf einem Blech ausstreichen und vollständig abkühlen lassen, damit er fest genug zum Formen wird.",Refroidir le riz,Étaler le riz sur une plaque et laisser refroidir complètement pour qu il soit assez ferme pour façonner.
it_arancini,s9,9,1800,FALSE,Form and fill,"Cut the cheese into small pieces. With damp hands, shape rice into balls, make a pocket, add ragù and cheese, then seal with more rice.",Vorm en vul,"Snijd de kaas in kleine stukjes. Vorm met vochtige handen rijstballen, maak een holte, voeg ragù en kaas toe en sluit met extra rijst.",Formen und füllen,"Käse in kleine Stücke schneiden. Mit feuchten Händen Reiskugeln formen, eine Mulde drücken, Ragù und Käse einfüllen und mit mehr Reis verschließen.",Former et farcir,"Couper le fromage en petits morceaux. Avec les mains humides, former des boules de riz, faire une cavité, ajouter ragù et fromage puis refermer avec du riz."
it_arancini,s10,10,1200,FALSE,Bread the arancini,"Set up bowls with flour, beaten eggs, and breadcrumbs. Coat each arancino in flour, dip in egg, then cover fully in breadcrumbs.",Paneer de arancini,"Zet kommen klaar met bloem, losgeklopte eieren en paneermeel. Haal elke arancino door bloem, dan door ei en bedek volledig met paneermeel.",Arancini panieren,"Schüsseln mit Mehl, verquirlten Eiern und Paniermehl vorbereiten. Jeden Arancino in Mehl wenden, durch Ei ziehen und vollständig in Paniermehl wälzen.",Paner les arancini,"Préparer des bols avec farine, oeufs battus et chapelure. Passer chaque arancino dans la farine, puis dans l oeuf, puis l enrober entièrement de chapelure."
it_arancini,s11,11,900,FALSE,Fry until golden,Heat vegetable oil in a deep pot and fry arancini in batches until deep golden and hot throughout. Lift out and drain on paper towels.,Frituur tot goudbruin,Verhit plantaardige olie in een diepe pan en frituur arancini in porties tot diep goudbruin en door en door heet. Schep eruit en laat uitlekken op keukenpapier.,Goldbraun frittieren,"Pflanzenöl in einem tiefen Topf erhitzen und Arancini portionsweise frittieren, bis sie tief goldbraun und innen heiß sind. Herausheben und auf Küchenpapier abtropfen lassen.",Frire jusqu à doré,Chauffer l huile végétale dans une marmite profonde et frire par fournées jusqu à doré foncé et bien chaud à coeur. Retirer et égoutter sur papier absorbant.
it_arancini,s12,12,60,FALSE,Serve,Serve immediately while crisp and hot.,Serveer,Serveer direct terwijl ze krokant en heet zijn.,Servieren,"Sofort servieren, solange sie knusprig und heiß sind.",Servir,Servir immédiatement tant que c est croustillant et chaud.
it_calamari_fritti,s1,1,420,FALSE,Prep the squid,"Pat the squid very dry, then cut bodies into rings and keep tentacles whole.",Bereid de inktvis,"Dep de inktvis heel droog, snijd de lichamen in ringen en laat de tentakels heel.",Tintenfisch vorbereiten,"Den Tintenfisch sehr trocken tupfen, dann die Körper in Ringe schneiden und die Tentakel ganz lassen.",Préparer le calamar,"Bien sécher le calamar, couper les corps en anneaux et garder les tentacules entiers."
it_calamari_fritti,s2,2,900,FALSE,Heat the oil,Pour vegetable oil into a deep pot and heat until frying temperature is reached.,Verhit de olie,Giet plantaardige olie in een diepe pan en verhit tot frituurtemperatuur.,Öl erhitzen,"Pflanzenöl in einen tiefen Topf geben und erhitzen, bis Frittiertemperatur erreicht ist.",Chauffer l huile,Verser l huile végétale dans une marmite profonde et chauffer jusqu à température de friture.
it_calamari_fritti,s3,3,180,FALSE,Flour the squid,"Toss squid in flour to coat lightly, then shake off excess flour.",Bebloem de inktvis,Wentel de inktvis licht door bloem en schud overtollige bloem eraf.,Tintenfisch mehlieren,"Tintenfisch in Mehl wenden, nur leicht bedecken und überschüssiges Mehl abschütteln.",Fariner le calamar,Enrober légèrement le calamar de farine puis secouer l excédent.
it_calamari_fritti,s4,4,180,FALSE,Fry in batches,"Fry the squid in small batches until just pale golden and crisp, then lift out with a slotted spoon.",Frituur in porties,Frituur de inktvis in kleine porties tot net licht goud en krokant en schep eruit met een schuimspaan.,Portionsweise frittieren,"Den Tintenfisch in kleinen Portionen frittieren, bis er gerade eben hellgolden und knusprig ist, dann mit einem Schaumlöffel herausheben.",Frire par fournées,Frire en petites fournées jusqu à juste doré pâle et croustillant puis retirer à l écumoire.
it_calamari_fritti,s5,5,60,FALSE,Drain and season,Drain on paper towels and season immediately with salt.,Laat uitlekken en zout,Laat uitlekken op keukenpapier en zout direct.,Abtropfen und salzen,Auf Küchenpapier abtropfen lassen und sofort salzen.,Égoutter et saler,Égoutter sur papier absorbant et saler immédiatement.
it_calamari_fritti,s6,6,60,FALSE,Serve with lemon,Transfer to a platter and serve right away with lemon wedges for squeezing.,Serveer met citroen,Leg op een schaal en serveer meteen met partjes citroen om uit te knijpen.,Mit Zitrone servieren,Auf einer Platte anrichten und sofort mit Zitronenspalten zum Ausdrücken servieren.,Servir avec citron,Dresser sur un plat et servir tout de suite avec des quartiers de citron à presser.
it_tiramisu,s1,1,300,FALSE,Prepare the coffee,Brew espresso and let it cool to room temperature in a shallow dish.,Zet de koffie,Zet espresso en laat afkoelen tot kamertemperatuur in een ondiepe schaal.,Kaffee vorbereiten,Espresso brühen und in einer flachen Schale auf Zimmertemperatur abkühlen lassen.,Préparer le café,Préparer un espresso et le laisser refroidir à température ambiante dans un plat peu profond.
it_tiramisu,s2,2,300,FALSE,Separate the eggs,"Separate yolks and whites into two clean bowls, keeping any yolk out of the whites.",Scheid de eieren,Scheid dooiers en eiwitten in twee schone kommen en zorg dat er geen dooier bij het eiwit komt.,Eier trennen,"Eigelb und Eiweiß in zwei saubere Schüsseln trennen, dabei darf kein Eigelb ins Eiweiß gelangen.",Séparer les oeufs,Séparer jaunes et blancs dans deux bols propres en évitant toute trace de jaune dans les blancs.
it_tiramisu,s3,3,420,FALSE,Whisk yolks and sugar,"Whisk egg yolks with sugar until pale, thick, and glossy.",Klop dooiers en suiker,"Klop eidooiers met suiker tot bleek, dik en glanzend.",Eigelb und Zucker aufschlagen,"Eigelb mit Zucker schlagen, bis die Masse hell, dick und glänzend ist.",Fouetter jaunes et sucre,"Fouetter les jaunes avec le sucre jusqu à obtenir une texture pâle, épaisse et brillante."
it_tiramisu,s4,4,180,FALSE,Add mascarpone,Fold mascarpone into the yolk mixture until smooth and lump-free.,Voeg mascarpone toe,Spatel mascarpone door het dooiermengsel tot glad zonder klontjes.,Mascarpone zugeben,"Mascarpone unter die Eigelbmasse heben, bis sie glatt und klümpchenfrei ist.",Ajouter le mascarpone,Incorporer le mascarpone aux jaunes jusqu à une crème lisse sans grumeaux.
it_tiramisu,s5,5,300,FALSE,Whip egg whites,Beat the egg whites until they form firm peaks.,Klop eiwitten stijf,Klop de eiwitten tot stevige pieken.,Eiweiß steif schlagen,"Eiweiß schlagen, bis feste Spitzen entstehen.",Monter les blancs,Battre les blancs en neige ferme.
it_tiramisu,s6,6,240,FALSE,Fold to lighten,"Fold the whipped whites into the mascarpone cream in batches, keeping the mixture airy.",Spatel luchtig,Spatel de opgeklopte eiwitten in porties door de mascarponecrème en houd het mengsel luchtig.,Unterheben,Das geschlagene Eiweiß portionsweise unter die Mascarponecreme heben und dabei die Luftigkeit erhalten.,Incorporer,Incorporer les blancs montés en plusieurs fois dans la crème mascarpone en gardant la légèreté.
it_tiramisu,s7,7,600,FALSE,Build the first layer,Dip ladyfingers briefly in the cooled espresso and arrange a tight layer in the serving dish.,Maak de eerste laag,Doop lange vingers kort in de afgekoelde espresso en leg een strakke laag in de schaal.,Erste Schicht aufbauen,Löffelbiskuits kurz in den abgekühlten Espresso tauchen und dicht in der Form auslegen.,Monter la première couche,Tremper brièvement les biscuits à la cuillère dans l espresso refroidi et les disposer serrés dans le plat.
it_tiramisu,s8,8,180,FALSE,Add cream,Spread a layer of mascarpone cream over the soaked ladyfingers.,Voeg crème toe,Verdeel een laag mascarponecrème over de gedoopte lange vingers.,Creme auftragen,Eine Schicht Mascarponecreme auf den getränkten Biskuits verstreichen.,Ajouter la crème,Étaler une couche de crème mascarpone sur les biscuits imbibés.
it_tiramisu,s9,9,600,FALSE,Repeat layers,"Make another layer of dipped ladyfingers and finish with a final layer of mascarpone cream, smoothing the top.",Herhaal de lagen,Maak nog een laag gedoopte lange vingers en eindig met een laatste laag mascarponecrème en strijk glad.,Schichten wiederholen,"Eine weitere Schicht getauchter Biskuits legen und mit einer letzten Schicht Mascarponecreme abschließen, die Oberfläche glatt streichen.",Répéter,Ajouter une nouvelle couche de biscuits trempés puis terminer par une dernière couche de crème en lissant le dessus.
it_tiramisu,s10,10,21600,TRUE,Chill to set,Cover and refrigerate until set and well chilled.,Koel tot stevig,Dek af en zet in de koelkast tot stevig en goed koud.,Kalt stellen,"Abdecken und kühlen, bis es fest und gut durchgekühlt ist.",Réfrigérer,Couvrir et réfrigérer jusqu à prise complète et bien froid.
it_tiramisu,s11,11,60,FALSE,Dust with cocoa,"Just before serving, sift cocoa powder evenly over the top.",Bestuif met cacao,Zeef vlak voor het serveren cacaopoeder gelijkmatig over de bovenkant.,Mit Kakao bestäuben,Kurz vor dem Servieren Kakaopulver gleichmäßig darüber sieben.,Saupoudrer de cacao,"Juste avant de servir, tamiser le cacao de façon uniforme sur le dessus."
it_cannoli_siciliani,s1,1,600,FALSE,Make the dough,"Combine flour, sugar, and salt in a bowl, rub in lard, then add egg, Marsala, vinegar, and enough water to form a firm, smooth dough.",Maak het deeg,"Meng bloem, suiker en zout in een kom, wrijf reuzel erdoor en voeg ei, Marsala, azijn en genoeg water toe tot een stevig, glad deeg ontstaat.",Teig herstellen,"Mehl, Zucker und Salz in einer Schüssel mischen, Schmalz einreiben, dann Ei, Marsala, Essig und genug Wasser zugeben, bis ein fester, glatter Teig entsteht.",Préparer la pâte,"Mélanger farine, sucre et sel, sabler avec le saindoux puis ajouter oeuf, Marsala, vinaigre et assez d eau pour obtenir une pâte ferme et lisse."
it_cannoli_siciliani,s2,2,7200,TRUE,Rest the dough,Cover the dough and let it rest so it relaxes for rolling.,Laat het deeg rusten,Dek het deeg af en laat rusten zodat het ontspant voor het uitrollen.,Teig ruhen lassen,"Den Teig abdecken und ruhen lassen, damit er sich zum Ausrollen entspannt.",Laisser reposer la pâte,Couvrir la pâte et laisser reposer pour qu elle se détende avant étalage.
it_cannoli_siciliani,s3,3,600,FALSE,Drain the ricotta,Press ricotta through a fine sieve into a bowl to make it smooth and remove excess moisture.,Laat de ricotta uitlekken,Duw ricotta door een fijne zeef in een kom om hem glad te maken en overtollig vocht te verwijderen.,Ricotta passieren,"Ricotta durch ein feines Sieb in eine Schüssel drücken, um ihn glatt zu machen und überschüssige Feuchtigkeit zu entfernen.",Passer la ricotta,Passer la ricotta au tamis fin dans un bol pour la lisser et retirer l excès d humidité.
it_cannoli_siciliani,s4,4,300,FALSE,Mix the filling,"Stir sugar into the ricotta until dissolved, then fold in candied orange peel and cinnamon. Refrigerate until needed.",Meng de vulling,Roer suiker door de ricotta tot opgelost en spatel dan gekonfijte sinaasappelschil en kaneel erdoor. Zet koud tot gebruik.,Füllung mischen,"Zucker in den Ricotta rühren, bis er sich gelöst hat, dann kandierte Orangenschale und Zimt unterheben. Bis zur Verwendung kühlen.",Mélanger la farce,Mélanger le sucre à la ricotta jusqu à dissolution puis incorporer l orange confite et la cannelle. Réfrigérer jusqu à utilisation.
it_cannoli_siciliani,s5,5,600,FALSE,Roll and cut,Roll the dough very thin and cut into rounds.,Rol en steek uit,Rol het deeg flinterdun uit en steek rondjes uit.,Ausrollen und ausstechen,Den Teig sehr dünn ausrollen und Kreise ausstechen.,Étaler et découper,Étaler la pâte très finement et découper des disques.
it_cannoli_siciliani,s6,6,600,FALSE,Form the shells,"Wrap each round around a cannoli tube, sealing the edge with a little beaten egg so it holds during frying.",Vorm de schelpen,Wikkel elk rondje om een cannolibuisje en plak de rand vast met wat losgeklopt ei zodat het blijft zitten tijdens het frituren.,Schalen formen,"Jeden Kreis um ein Cannolirohr wickeln und die Kante mit etwas verquirltem Ei verschließen, damit sie beim Frittieren hält.",Former les coques,Enrouler chaque disque autour d un tube à cannoli et sceller le bord avec un peu d oeuf battu.
it_cannoli_siciliani,s7,7,900,FALSE,Heat the oil,Heat vegetable oil in a deep pot to frying temperature.,Verhit de olie,Verhit plantaardige olie in een diepe pan tot frituurtemperatuur.,Öl erhitzen,Pflanzenöl in einem tiefen Topf auf Frittiertemperatur erhitzen.,Chauffer l huile,Chauffer l huile végétale dans une marmite profonde à température de friture.
it_cannoli_siciliani,s8,8,600,FALSE,Fry the shells,"Fry shells in batches until blistered and golden, turning for even color. Remove and drain on paper towels.",Frituur de schelpen,"Frituur de schelpen in porties tot geblakerd en goud, keer voor egale kleur en laat uitlekken op keukenpapier.",Schalen frittieren,"Die Schalen portionsweise frittieren, bis sie blasig und goldgelb sind, dabei wenden für gleichmäßige Farbe. Herausnehmen und auf Küchenpapier abtropfen lassen.",Frire les coques,"Frire par fournées jusqu à cloquées et dorées, en retournant pour une couleur uniforme. Égoutter sur papier absorbant."
it_cannoli_siciliani,s9,9,1200,TRUE,Cool and unmold,"Let shells cool until safe to handle, then slide them off the tubes.",Laat afkoelen en haal los,Laat de schelpen afkoelen tot je ze kunt vastpakken en schuif ze van de buisjes.,Abkühlen und lösen,"Die Schalen abkühlen lassen, bis sie sicher zu handhaben sind, dann von den Röhrchen ziehen.",Refroidir et démouler,Laisser refroidir jusqu à manipulation possible puis retirer les coques des tubes.
it_cannoli_siciliani,s10,10,600,FALSE,Fill the cannoli,Pipe the ricotta filling into the shells shortly before serving so they stay crisp.,Vul de cannoli,Spuit de ricottavulling vlak voor het serveren in de schelpen zodat ze krokant blijven.,Cannoli füllen,"Die Ricottafüllung kurz vor dem Servieren in die Schalen spritzen, damit sie knusprig bleiben.",Farcir les cannoli,Pocher la farce à la ricotta dans les coques peu avant de servir pour qu elles restent croustillantes.
it_cannoli_siciliani,s11,11,60,FALSE,Serve,Serve immediately once filled.,Serveer,Serveer direct na het vullen.,Servieren,Direkt nach dem Füllen servieren.,Servir,Servir immédiatement après garnissage.
it_panna_cotta,s1,1,300,FALSE,Bloom the gelatin,"Soak gelatin sheets in cold water until softened, then lift out and gently squeeze out excess water.",Week de gelatine,Week gelatineblaadjes in koud water tot zacht en knijp overtollig water er voorzichtig uit.,Gelatine einweichen,"Gelatineblätter in kaltem Wasser einweichen, bis sie weich sind, dann herausheben und überschüssiges Wasser vorsichtig ausdrücken.",Faire gonfler la gélatine,Faire tremper les feuilles de gélatine dans de l eau froide jusqu à ramollissement puis les presser doucement pour enlever l excès d eau.
it_panna_cotta,s2,2,300,FALSE,Infuse the cream,"Split the vanilla bean and scrape the seeds. Add cream, milk, sugar, vanilla seeds and pod, and a pinch of salt to a saucepan.",Trek de room,"Splijt het vanillestokje en schraap de zaadjes eruit. Doe room, melk, suiker, vanillezaadjes en het stokje met een snuf zout in een pan.",Sahne aromatisieren,"Vanilleschote längs aufschneiden und das Mark herauskratzen. Sahne, Milch, Zucker, Vanillemark und Schote sowie eine Prise Salz in einen Topf geben.",Infuser la crème,"Fendre la gousse de vanille et gratter les graines. Mettre crème, lait, sucre, graines et gousse avec une pincée de sel dans une casserole."
it_panna_cotta,s3,3,600,FALSE,Heat gently,"Warm the mixture over medium-low heat, stirring, until the sugar dissolves and it is hot but not boiling.",Verwarm zachtjes,Verwarm op middellaag vuur al roerend tot de suiker is opgelost en het mengsel heet is maar niet kookt.,Sanft erhitzen,"Die Mischung bei mittlerer bis niedriger Hitze unter Rühren erwärmen, bis sich der Zucker löst und alles heiß ist, aber nicht kocht.",Chauffer doucement,"Chauffer à feu doux moyen en remuant jusqu à dissolution du sucre, le mélange doit être chaud sans bouillir."
it_panna_cotta,s4,4,120,FALSE,Dissolve the gelatin,"Remove from heat, discard the vanilla pod, add the softened gelatin, and whisk until fully dissolved.",Los de gelatine op,"Haal van het vuur, verwijder het vanillestokje, voeg de geweekte gelatine toe en klop tot volledig opgelost.",Gelatine auflösen,"Vom Herd nehmen, die Vanilleschote entfernen, die eingeweichte Gelatine zugeben und verquirlen, bis sie vollständig gelöst ist.",Dissoudre la gélatine,"Hors du feu, retirer la gousse, ajouter la gélatine et fouetter jusqu à dissolution complète."
it_panna_cotta,s5,5,120,FALSE,Strain,Pour the mixture through a fine sieve to ensure a perfectly smooth panna cotta.,Zeef,Giet door een fijne zeef voor een perfect gladde panna cotta.,Abseihen,"Die Mischung durch ein feines Sieb gießen, damit die Panna cotta perfekt glatt wird.",Filtrer,Passer au tamis fin pour une panna cotta parfaitement lisse.
it_panna_cotta,s6,6,180,FALSE,Fill the molds,Divide the mixture among ramekins or molds and let them cool briefly at room temperature.,Vul de vormpjes,Verdeel over ramekins of vormpjes en laat kort op kamertemperatuur afkoelen.,Förmchen füllen,Die Mischung auf Förmchen verteilen und kurz bei Zimmertemperatur abkühlen lassen.,Remplir les moules,Répartir dans des ramequins ou moules et laisser tiédir brièvement à température ambiante.
it_panna_cotta,s7,7,21600,TRUE,Chill to set,Refrigerate until fully set and chilled.,Koel tot stevig,Zet in de koelkast tot volledig opgesteven en koud.,Kalt stellen,"Kühlen, bis vollständig fest und gut durchgekühlt.",Réfrigérer,Réfrigérer jusqu à prise complète et bien froid.
it_panna_cotta,s8,8,120,FALSE,Unmold and serve,"Dip the mold briefly in warm water, loosen the edge, invert onto a plate, and serve cold.",Stort en serveer,"Dompel het vormpje kort in warm water, maak de rand los, keer om op een bord en serveer koud.",Stürzen und servieren,"Das Förmchen kurz in warmes Wasser tauchen, den Rand lösen, auf einen Teller stürzen und kalt servieren.",Démouler et servir,"Tremper brièvement le moule dans de l eau tiède, décoller le bord, retourner sur une assiette et servir froid."
it_panettone,s1,1,600,FALSE,Soak the raisins,"Cover raisins with hot water briefly, then drain well and pat completely dry so they do not wet the dough.",Week de rozijnen,"Overgiet rozijnen kort met heet water, giet goed af en dep volledig droog zodat ze het deeg niet nat maken.",Rosinen einweichen,"Rosinen kurz mit heißem Wasser übergießen, dann gut abtropfen lassen und vollständig trocken tupfen, damit sie den Teig nicht durchnässen.",Faire tremper les raisins,"Couvrir les raisins d eau chaude brièvement, bien égoutter puis sécher complètement pour ne pas détremper la pâte."
it_panettone,s2,2,300,FALSE,Prepare aromatics,Split the vanilla bean and scrape the seeds. Mix vanilla seeds with citrus zests and set aside.,Bereid de aroma’s,Splijt het vanillestokje en schraap de zaadjes eruit. Meng de zaadjes met citrusrasp en zet apart.,Aromen vorbereiten,Vanilleschote aufschneiden und das Mark herauskratzen. Vanillemark mit Zitrusabrieb mischen und beiseitestellen.,Préparer les arômes,Fendre la gousse de vanille et gratter les graines. Mélanger les graines avec les zestes d agrumes et réserver.
it_panettone,s3,3,300,FALSE,Start the dough,"In a mixer bowl, dissolve yeast in milk and %i6, then add flour and sugar and mix until a rough dough forms.",Start het deeg,"Los in de kom van de mixer gist op in melk en %i6, voeg bloem en suiker toe en meng tot een ruw deeg.",Teig ansetzen,"In der Rührschüssel Hefe in Milch und %i6 auflösen, dann Mehl und Zucker zugeben und mischen, bis ein grober Teig entsteht.",Démarrer la pâte,"Dans le bol du robot, dissoudre la levure dans le lait et %i6 puis ajouter farine et sucre et mélanger jusqu à obtenir une pâte grossière."
it_panettone,s4,4,720,FALSE,Develop gluten,Knead until the dough becomes elastic and starts to pull away from the bowl.,Ontwikkel gluten,Kneed tot het deeg elastisch wordt en loskomt van de kom.,Gluten entwickeln,"Kneten, bis der Teig elastisch wird und sich vom Schüsselrand löst.",Développer le gluten,Pétrir jusqu à ce que la pâte devienne élastique et se décolle des parois.
it_panettone,s5,5,300,FALSE,Add eggs gradually,"Add eggs in small additions while mixing, letting the dough absorb each addition before the next.",Voeg eieren geleidelijk toe,Voeg eieren in kleine porties toe tijdens het mengen en laat elke portie eerst opnemen.,Eier nach und nach zugeben,Eier in kleinen Portionen zugeben und jeweils vollständig einarbeiten lassen.,Ajouter les oeufs,Ajouter les oeufs par petites quantités en laissant la pâte absorber chaque ajout.
it_panettone,s6,6,600,FALSE,Incorporate butter,"Add softened butter gradually and knead until fully absorbed and the dough is smooth and glossy, then mix in salt.",Werk de boter in,Voeg zachte boter geleidelijk toe en kneed tot volledig opgenomen en het deeg glad en glanzend is en meng dan het zout erdoor.,Butter einarbeiten,"Weiche Butter nach und nach zugeben und kneten, bis alles vollständig aufgenommen ist und der Teig glatt und glänzend ist, dann Salz einarbeiten.",Incorporer le beurre,"Ajouter le beurre ramolli progressivement et pétrir jusqu à absorption complète, la pâte doit être lisse et brillante, puis incorporer le sel."
it_panettone,s7,7,180,FALSE,Add aromatics and fruit,"Mix in the vanilla-zest mixture, then fold in raisins and candied citrus until evenly distributed.",Voeg aroma en fruit toe,Meng het vanille citrusraspmengsel erdoor en spatel dan rozijnen en gekonfijt citrus erdoor tot gelijkmatig verdeeld.,Aromen und Früchte zugeben,"Die Vanille Zitrus Mischung einarbeiten, dann Rosinen und kandierte Zitrusfrüchte unterheben, bis alles gleichmäßig verteilt ist.",Ajouter arômes et fruits,Incorporer le mélange vanille zestes puis ajouter raisins et fruits confits jusqu à répartition uniforme.
it_panettone,s8,8,14400,TRUE,First rise,Cover the bowl and let the dough rise until well expanded and airy.,Eerste rijs,Dek af en laat rijzen tot duidelijk groter en luchtig.,Erste Gare,"Abdecken und gehen lassen, bis der Teig deutlich aufgegangen und luftig ist.",Première levée,Couvrir et laisser lever jusqu à ce que la pâte soit bien développée et aérée.
it_panettone,s9,9,600,FALSE,Shape,"Turn out the dough, tighten it into a smooth ball, and let it rest briefly before final shaping.",Vorm,"Stort het deeg, span het op tot een gladde bol en laat kort rusten voor de definitieve vorm.",Formen,"Den Teig herausnehmen, zu einer glatten Kugel straff rundwirken und vor dem finalen Formen kurz ruhen lassen.",Façonner,"Sortir la pâte, la bouler serré et laisser reposer brièvement avant la mise en forme finale."
it_panettone,s10,10,7200,TRUE,Proof in the mold,Place the dough ball into the panettone mold and proof until it rises near the top and feels very light.,Rijs in de vorm,Leg de deegbol in de panettonevorm en laat rijzen tot bijna aan de rand en heel licht aanvoelt.,In der Form gehen lassen,"Die Teigkugel in die Panettoneform setzen und gehen lassen, bis sie nahe an den Rand steigt und sehr leicht wirkt.",Pousser dans le moule,"Mettre la boule dans le moule à panettone et laisser lever jusqu à près du bord, la pâte doit être très légère."
it_panettone,s11,11,300,FALSE,Heat the oven,Preheat the oven so it is fully hot before baking.,Verwarm de oven,Verwarm de oven voor zodat hij volledig heet is voor het bakken.,Ofen vorheizen,"Den Ofen so vorheizen, dass er vor dem Backen vollständig heiß ist.",Préchauffer le four,Préchauffer le four pour qu il soit bien chaud avant cuisson.
it_panettone,s12,12,2400,TRUE,Bake,"Bake until deeply golden and set, rotating once if needed for even color.",Bak,Bak tot diep goud en gaar en draai één keer als dat nodig is voor egale kleur.,Backen,"Backen, bis tief goldbraun und durchgebacken, bei Bedarf einmal drehen für gleichmäßige Bräunung.",Cuire,"Cuire jusqu à doré profond et bien pris, tourner une fois si nécessaire pour une coloration uniforme."
it_panettone,s13,13,600,FALSE,Cool upside down,"Skewer the base, invert the panettone, and cool completely to prevent the tall crumb from collapsing.",Laat ondersteboven afkoelen,"Prik spiesen door de onderkant, keer om en laat volledig afkoelen zodat de hoge kruim niet inzakt.",Kopfüber auskühlen,"Spieße durch den Boden stecken, den Panettone umdrehen und vollständig auskühlen lassen, damit die hohe Krume nicht einsinkt.",Refroidir tête en bas,"Planter des brochettes à la base, retourner le panettone et laisser refroidir complètement pour éviter l affaissement."
it_panettone,s14,14,60,FALSE,Serve,Slice and serve at room temperature.,Serveer,Snijd en serveer op kamertemperatuur.,Servieren,In Scheiben schneiden und bei Zimmertemperatur servieren.,Servir,Trancher et servir à température ambiante.
it_zabaione,s1,1,180,FALSE,Set up a bain-marie,"Bring a little  to a gentle simmer in a saucepan, keeping it below the rim so the bowl will not touch the WATER.",Zet een bain marie op,Breng een beetje water zacht aan de kook in een pan en houd het onder de rand zodat de kom het WATER niet raakt.,Wasserbad vorbereiten,"Ein wenig Wasser in einem Topf sanft zum Köcheln bringen und unter dem Rand halten, damit die Schüssel das Wasser nicht berührt.",Préparer un bain marie,Faire frémir un peu d eau dans une casserole en gardant le niveau sous le bord pour que le bol ne touche pas l eau.
it_zabaione,s2,2,240,FALSE,Whisk yolks and sugar,"In a heatproof bowl, whisk egg yolks and sugar until pale and slightly thick.",Klop dooiers en suiker,Klop in een hittebestendige kom eidooiers en suiker tot bleek en iets dikker.,Eigelb und Zucker aufschlagen,"In einer hitzebeständigen Schüssel Eigelb und Zucker schlagen, bis hell und leicht angedickt.",Fouetter jaunes et sucre,"Dans un bol résistant à la chaleur, fouetter jaunes et sucre jusqu à pâle et légèrement épaissi."
it_zabaione,s3,3,60,FALSE,Add Marsala,Whisk in Marsala until fully combined.,Voeg Marsala toe,Klop Marsala erdoor tot alles goed gemengd is.,Marsala zugeben,"Marsala einrühren, bis alles vollständig vermischt ist.",Ajouter le Marsala,Incorporer le Marsala en fouettant jusqu à mélange homogène.
it_zabaione,s4,4,420,FALSE,Cook while whisking,"Set the bowl over the simmering  and whisk constantly until the mixture becomes thick, foamy, and forms soft ribbons.",Gaar al kloppend,Zet de kom op het zacht pruttelende water en klop constant tot het mengsel dik en schuimig is en zachte linten vormt.,Unter Rühren garen,"Die Schüssel auf das sanft köchelnde Wasser setzen und ständig rühren, bis die Masse dick, schaumig ist und weiche Bänder zieht.",Cuire en fouettant,"Poser le bol sur l eau frémissante et fouetter sans arrêter jusqu à épaississement, mousse et rubans souples."
it_zabaione,s5,5,60,FALSE,Serve warm,"Spoon into serving glasses and serve immediately, finishing with a light dusting of cinnamon.",Serveer warm,Schep in serveerglazen en serveer direct en bestuif licht met kaneel.,Warm servieren,"In Serviergläser füllen und sofort servieren, zum Schluss leicht mit Zimt bestäuben.",Servir chaud,"Répartir dans des verres et servir immédiatement, terminer par un léger voile de cannelle."
it_crostata_di_marmellata,s1,1,420,FALSE,Make the dough,"Combine flour, sugar, and salt, rub in cold butter until sandy, then mix in eggs and lemon zest just until a smooth dough forms.",Maak het deeg,"Meng bloem, suiker en zout, wrijf koude boter erdoor tot kruimelig en meng dan eieren en citroenrasp erdoor tot net een glad deeg ontstaat.",Teig herstellen,"Mehl, Zucker und Salz mischen, kalte Butter einreiben, bis es sandig ist, dann Eier und Zitronenabrieb nur so lange einarbeiten, bis ein glatter Teig entsteht.",Préparer la pâte,"Mélanger farine, sucre et sel, sabler avec le beurre froid puis ajouter oeufs et zeste de citron juste assez pour former une pâte lisse."
it_crostata_di_marmellata,s2,2,3600,TRUE,Chill the dough,Wrap the dough and refrigerate until firm so it rolls cleanly.,Koel het deeg,Verpak het deeg en koel tot stevig zodat je het strak kunt uitrollen.,Teig kühlen,"Den Teig einwickeln und kühlen, bis er fest ist, damit er sich sauber ausrollen lässt.",Réfrigérer la pâte,Envelopper et réfrigérer jusqu à fermeté pour un étalage net.
it_crostata_di_marmellata,s3,3,300,TRUE,Heat the oven,Preheat the oven so it is fully hot before baking.,Verwarm de oven,Verwarm de oven voor zodat hij volledig heet is voor het bakken.,Ofen vorheizen,"Den Ofen so vorheizen, dass er vor dem Backen vollständig heiß ist.",Préchauffer le four,Préchauffer le four pour qu il soit bien chaud avant cuisson.
it_crostata_di_marmellata,s4,4,600,FALSE,Line the tart pan,"Roll out most of the dough and press it into the tart pan, trimming the edges.",Bekleed de vorm,Rol het grootste deel van het deeg uit en druk in de taartvorm en snijd de randen bij.,Form auskleiden,"Den Großteil des Teigs ausrollen und in die Tarteform drücken, den Rand sauber abschneiden.",Foncer le moule,"Étaler la majeure partie de la pâte et la presser dans le moule à tarte, puis araser les bords."
it_crostata_di_marmellata,s5,5,120,FALSE,Fill with jam,Spread the jam evenly over the pastry base.,Vul met jam,Verdeel de jam gelijkmatig over de bodem.,Mit Marmelade füllen,Die Marmelade gleichmäßig auf dem Teigboden verstreichen.,Garnir de confiture,Étaler la confiture uniformément sur le fond.
it_crostata_di_marmellata,s6,6,420,FALSE,Make the lattice,"Roll out the remaining dough, cut strips, and arrange a lattice over the jam, sealing the ends to the edge.",Maak het raster,"Rol de rest uit, snijd stroken en leg een raster over de jam en druk de uiteinden vast aan de rand.",Gitter legen,"Den restlichen Teig ausrollen, Streifen schneiden und als Gitter über die Marmelade legen, die Enden am Rand andrücken.",Faire le treillis,"Étaler le reste de pâte, couper des bandes et former un treillis, puis sceller aux bords."
it_crostata_di_marmellata,s7,7,2100,TRUE,Bake,Bake until the crust is golden and the jam is set.,Bak,Bak tot de korst goud is en de jam is gezet.,Backen,"Backen, bis der Rand goldbraun ist und die Marmelade gestockt ist.",Cuire,Cuire jusqu à croûte dorée et confiture prise.
it_crostata_di_marmellata,s8,8,3600,TRUE,Cool,Cool completely so the filling firms up and slices cleanly.,Laat afkoelen,Laat volledig afkoelen zodat de vulling stevig wordt en je netjes kunt snijden.,Abkühlen lassen,"Vollständig abkühlen lassen, damit die Füllung fest wird und sauber geschnitten werden kann.",Refroidir,Laisser refroidir complètement pour que la garniture se raffermisse et se coupe proprement.
it_crostata_di_marmellata,s9,9,60,FALSE,Serve,Slice and serve at room temperature.,Serveer,Snijd en serveer op kamertemperatuur.,Servieren,In Stücke schneiden und bei Zimmertemperatur servieren.,Servir,Couper et servir à température ambiante.
it_gelato_alla_crema,s1,1,300,FALSE,Infuse dairy,Split the vanilla bean and scrape the seeds. Warm milk and cream with vanilla and a pinch of salt until hot but not boiling.,Trek de zuivel,Splijt het vanillestokje en schraap de zaadjes eruit. Verwarm melk en room met vanille en een snuf zout tot heet maar niet kokend.,Milch und Sahne aromatisieren,"Vanilleschote aufschneiden und das Mark herauskratzen. Milch und Sahne mit Vanille und einer Prise Salz erhitzen, bis heiß, aber nicht kochend.",Infuser les produits laitiers,Fendre la gousse de vanille et gratter les graines. Chauffer lait et crème avec la vanille et une pincée de sel jusqu à chaud sans ébullition.
it_gelato_alla_crema,s2,2,180,FALSE,Whisk yolks and sugar,"In a bowl, whisk egg yolks with sugar until smooth and slightly thick.",Klop dooiers en suiker,Klop in een kom eidooiers met suiker tot glad en iets dikker.,Eigelb und Zucker verrühren,"In einer Schüssel Eigelb mit Zucker verrühren, bis glatt und leicht angedickt.",Fouetter jaunes et sucre,"Dans un bol, fouetter jaunes et sucre jusqu à lisse et légèrement épaissi."
it_gelato_alla_crema,s3,3,180,FALSE,Temper the yolks,"Slowly whisk some hot dairy into the yolk mixture to warm it gently, then pour everything back into the saucepan.",Tempereer de dooiers,Klop langzaam wat hete zuivel door het dooiermengsel om het voorzichtig te verwarmen en giet alles terug in de pan.,Eigelb temperieren,"Langsam etwas heiße Milch Sahne in die Eigelbmasse rühren, um sie sanft zu erwärmen, dann alles zurück in den Topf geben.",Tempérer les jaunes,Incorporer lentement une partie du liquide chaud aux jaunes pour les réchauffer puis remettre le tout dans la casserole.
it_gelato_alla_crema,s4,4,480,FALSE,Cook the custard,"Cook over low heat, stirring constantly, until the custard thickens lightly and reaches custard temperature without boiling.",Gaar de custard,Gaar op laag vuur al roerend tot de custard licht indikt en de custardtemperatuur bereikt zonder te koken.,Creme anglaise garen,"Bei niedriger Hitze unter ständigem Rühren garen, bis die Creme leicht eindickt und die Custardtemperatur erreicht, ohne zu kochen.",Cuire la crème,Cuire à feu doux en remuant sans cesse jusqu à léger épaississement et température de crème anglaise sans ébullition.
it_gelato_alla_crema,s5,5,120,FALSE,Strain and chill fast,"Strain through a fine sieve into a bowl and chill quickly over an ice bath, stirring until cool.",Zeef en koel snel,Zeef door een fijne zeef in een kom en koel snel boven een ijsbad en roer tot koud.,Abseihen und schnell kühlen,"Durch ein feines Sieb in eine Schüssel abseihen und über einem Eisbad schnell abkühlen, dabei rühren, bis kalt.",Filtrer et refroidir vite,Filtrer au tamis fin dans un bol et refroidir rapidement au bain de glace en remuant jusqu à froid.
it_gelato_alla_crema,s6,6,14400,TRUE,Mature the base,Cover and refrigerate the base so it fully chills and the texture improves.,Laat de basis rijpen,Dek af en zet in de koelkast zodat de basis goed koud wordt en de textuur verbetert.,Basis reifen lassen,"Abdecken und kühlen, bis die Basis vollständig kalt ist und die Textur besser wird.",Maturer la base,Couvrir et réfrigérer pour que la base soit bien froide et que la texture s améliore.
it_gelato_alla_crema,s7,7,1800,FALSE,Churn,Churn the cold base in a gelato or ice cream machine until thick and softly set.,Draai,Draai de koude basis in een gelato of ijsmachine tot dik en zacht stevig.,Frieren,"Die kalte Basis in einer Gelato oder Eismaschine rühren, bis dick und weich gefroren.",Turbiner,Turbiner la base froide dans une sorbetière jusqu à épaississement et prise souple.
it_gelato_alla_crema,s8,8,7200,TRUE,Harden,Transfer to a freezer-safe container and freeze until scoopable.,Laat opstijven,Doe in een diepvriesbak en vries tot schepbaar.,Nachfrieren,"In einen gefriergeeigneten Behälter füllen und einfrieren, bis sie portionierbar ist.",Durcir,Transférer dans un récipient pour congélateur et congeler jusqu à texture scoopable.
it_gelato_alla_crema,s9,9,60,FALSE,Serve,Scoop and serve immediately.,Serveer,Schep en serveer direct.,Servieren,Kugeln abstechen und sofort servieren.,Servir,Former des boules et servir immédiatement.